Orden;Cliente;Celular;Marca;Modelo;Estado;Comentarios;Técnico
1000;María Fernández;3137030458;Motorola;Moto E7;En diagnóstico;EL PUERTO DE CARGA TENÍA PINES DAÑADOS, SE REALIZÓ CAMBIO Y SE PROBÓ CONEXIÓN.;Juan
1001;Sofía Rojas;3113716909;Samsung;Galaxy A32;Esperando autorización del cliente;EL EQUIPO SE REINICIABA SOLO, SE DETECTÓ FALLA EN EL SISTEMA OPERATIVO Y SE REINSTALÓ.;Juan
1002;Pedro Jiménez;3103278310;Samsung;Galaxy A32;Esperando autorización del cliente;LA CARGA FALLABA, SE IDENTIFICÓ QUE EL FLEX ESTABA ROTO, SE REEMPLAZÓ Y FUNCIONA BIEN.;Kevin
1003;Sofía Rojas;3174313219;Apple;iPhone SE;Esperando autorización del cliente;SE DETECTÓ CORTO EN LA PLACA POR HUMEDAD. SE LIMPIÓ Y SE HIZO REBALLING AL COMPONENTE AFECTADO.;Kevin
1004;Sofía Rojas;3153781834;Huawei;P40 Lite;Listo para entrega;EL PUERTO DE CARGA TENÍA PINES DAÑADOS, SE REALIZÓ CAMBIO Y SE PROBÓ CONEXIÓN.;Miguel
1005;Daniel Vargas;3152114553;Motorola;Moto G100;En reparación;EL BOTÓN DE ENCENDIDO NO FUNCIONABA, SE REEMPLAZÓ EL FLEX Y SE PROBÓ ENCENDIDO EXITOSAMENTE.;Sebastian
1006;María Fernández;3117441779;Huawei;Nova 7i;Esperando autorización del cliente;SE DETECTÓ CORTO EN LA PLACA POR HUMEDAD. SE LIMPIÓ Y SE HIZO REBALLING AL COMPONENTE AFECTADO.;Kevin
1007;Camila Torres;3165092423;Xiaomi;Poco X3;Listo para entrega;EL CLIENTE REPORTÓ FALLAS EN EL AUDIO. SE LIMPIARON LAS REJILLAS Y SE REEMPLAZÓ EL ALTAVOZ.;Juan
1008;Pedro Jiménez;3124111730;Samsung;Galaxy A32;En reparación;SE IDENTIFICÓ QUE LA BATERÍA ESTABA INFLADA, SE REEMPLAZÓ POR UNA NUEVA Y SE REALIZÓ PRUEBA DE CARGA.;Kevin
1009;Carlos Pérez;3104548980;Xiaomi;Poco X3;En diagnóstico;SE IDENTIFICÓ QUE LA BATERÍA ESTABA INFLADA, SE REEMPLAZÓ POR UNA NUEVA Y SE REALIZÓ PRUEBA DE CARGA.;Miguel
1010;Sofía Rojas;3196024932;Samsung;Galaxy Note 20;Esperando autorización del cliente;SE REEMPLAZÓ LA BATERÍA Y SE REALIZÓ UNA LIMPIEZA INTERNA.;Kevin
1011;María Fernández;3127353111;Motorola;Moto G100;En reparación;SE REEMPLAZÓ LA BATERÍA Y SE REALIZÓ UNA LIMPIEZA INTERNA.;Sebastian
1012;Andrea Gómez;3126219610;Xiaomi;Mi 11 Lite;En reparación;EL EQUIPO SE REINICIABA SOLO, SE DETECTÓ FALLA EN EL SISTEMA OPERATIVO Y SE REINSTALÓ.;Juan
1013;María Fernández;3135660323;Samsung;Galaxy Note 20;En reparación;LA PANTALLA ESTABA AVERIADA, SE CAMBIÓ POR UNA NUEVA Y SE REALIZÓ PRUEBA DE FUNCIONAMIENTO.;Kevin
1014;Carlos Pérez;3196264109;Motorola;Moto E7;En reparación;EL BOTÓN DE ENCENDIDO NO FUNCIONABA, SE REEMPLAZÓ EL FLEX Y SE PROBÓ ENCENDIDO EXITOSAMENTE.;Miguel
1015;Andrea Gómez;3113311966;Samsung;Galaxy Note 20;En reparación;SE REALIZÓ CAMBIO DE CÁMARA FRONTAL POR FALLAS EN EL ENFOQUE, SE PRUEBA Y FUNCIONA CORRECTAMENTE.;Juan
1016;Pedro Jiménez;3121180168;Xiaomi;Poco X3;Listo para entrega;SE DETECTÓ CORTO EN LA PLACA POR HUMEDAD. SE LIMPIÓ Y SE HIZO REBALLING AL COMPONENTE AFECTADO.;Miguel
1017;Sofía Rojas;3196719690;Motorola;Moto E7;Esperando autorización del cliente;EL CLIENTE REPORTÓ FALLAS EN EL AUDIO. SE LIMPIARON LAS REJILLAS Y SE REEMPLAZÓ EL ALTAVOZ.;Kevin
1018;David Castro;3128831061;Xiaomi;Mi 11 Lite;En diagnóstico;EL PUERTO DE CARGA TENÍA PINES DAÑADOS, SE REALIZÓ CAMBIO Y SE PROBÓ CONEXIÓN.;Juan
1019;David Castro;3165944525;Huawei;Nova 7i;Listo para entrega;SE IDENTIFICÓ QUE LA BATERÍA ESTABA INFLADA, SE REEMPLAZÓ POR UNA NUEVA Y SE REALIZÓ PRUEBA DE CARGA.;Juan
1020;Laura Méndez;3146122107;Samsung;Galaxy S21;En diagnóstico;EL EQUIPO PRESENTABA HUMEDAD EN LA PLACA, SE SECÓ Y SE REEMPLAZÓ EL FLEX DE CARGA.;Sebastian
1021;María Fernández;3135680776;Apple;iPhone 12;Listo para entrega;SE IDENTIFICÓ QUE LA BATERÍA ESTABA INFLADA, SE REEMPLAZÓ POR UNA NUEVA Y SE REALIZÓ PRUEBA DE CARGA.;Juan
1022;Daniel Vargas;3169484060;Samsung;Galaxy S21;En diagnóstico;SE REEMPLAZÓ EL CHIP DE SEÑAL DEBIDO A PROBLEMAS DE CONECTIVIDAD.;Juan
1023;Laura Méndez;3178332277;Apple;iPhone 12;En diagnóstico;SE REEMPLAZÓ EL CHIP DE SEÑAL DEBIDO A PROBLEMAS DE CONECTIVIDAD.;Juan
1024;Camila Torres;3133629002;Apple;iPhone 13;Listo para entrega;EL EQUIPO PRESENTABA HUMEDAD EN LA PLACA, SE SECÓ Y SE REEMPLAZÓ EL FLEX DE CARGA.;Sebastian
1025;Andrea Gómez;3154603341;Xiaomi;Redmi Note 10;Listo para entrega;SE IDENTIFICÓ QUE LA BATERÍA ESTABA INFLADA, SE REEMPLAZÓ POR UNA NUEVA Y SE REALIZÓ PRUEBA DE CARGA.;Kevin
1026;Carlos Pérez;3175099870;Huawei;P40 Lite;Esperando autorización del cliente;SE REEMPLAZÓ EL CHIP DE SEÑAL DEBIDO A PROBLEMAS DE CONECTIVIDAD.;Kevin
1027;Andrea Gómez;3151078544;Xiaomi;Redmi Note 10;En diagnóstico;SE REALIZÓ CAMBIO DE CÁMARA FRONTAL POR FALLAS EN EL ENFOQUE, SE PRUEBA Y FUNCIONA CORRECTAMENTE.;Juan
1028;Andrea Gómez;3144440951;Huawei;P40 Lite;En reparación;EL SOFTWARE ESTABA CORRUPTO, SE REINSTALÓ Y SE VERIFICÓ FUNCIONAMIENTO NORMAL.;Miguel
1029;Camila Torres;3193109601;Samsung;Galaxy S21;Esperando autorización del cliente;EL EQUIPO PRESENTABA HUMEDAD EN LA PLACA, SE SECÓ Y SE REEMPLAZÓ EL FLEX DE CARGA.;Kevin
1030;Laura Méndez;3197531477;Huawei;P40 Lite;En reparación;SE IDENTIFICÓ QUE LA BATERÍA ESTABA INFLADA, SE REEMPLAZÓ POR UNA NUEVA Y SE REALIZÓ PRUEBA DE CARGA.;Juan
1031;Juan Rodríguez;3148453299;Apple;iPhone 12;Listo para entrega;EL EQUIPO SE REINICIABA SOLO, SE DETECTÓ FALLA EN EL SISTEMA OPERATIVO Y SE REINSTALÓ.;Sebastian
1032;David Castro;3181244635;Apple;iPhone 12;En reparación;EL EQUIPO SE REINICIABA SOLO, SE DETECTÓ FALLA EN EL SISTEMA OPERATIVO Y SE REINSTALÓ.;Sebastian
1033;Carlos Pérez;3157348356;Xiaomi;Poco X3;Listo para entrega;EL EQUIPO PRESENTABA HUMEDAD EN LA PLACA, SE SECÓ Y SE REEMPLAZÓ EL FLEX DE CARGA.;Juan
1034;Juan Rodríguez;3128696303;Apple;iPhone SE;Esperando autorización del cliente;SE REALIZÓ CAMBIO DE CÁMARA FRONTAL POR FALLAS EN EL ENFOQUE, SE PRUEBA Y FUNCIONA CORRECTAMENTE.;Miguel
1035;Daniel Vargas;3151229657;Samsung;Galaxy A32;En reparación;SE DETECTÓ CORTO EN LA PLACA POR HUMEDAD. SE LIMPIÓ Y SE HIZO REBALLING AL COMPONENTE AFECTADO.;Juan
1036;María Fernández;3163887185;Samsung;Galaxy Note 20;Esperando autorización del cliente;EL CLIENTE REPORTÓ FALLAS EN EL AUDIO. SE LIMPIARON LAS REJILLAS Y SE REEMPLAZÓ EL ALTAVOZ.;Juan
1037;Camila Torres;3137640473;Samsung;Galaxy A32;Listo para entrega;EL SOFTWARE ESTABA CORRUPTO, SE REINSTALÓ Y SE VERIFICÓ FUNCIONAMIENTO NORMAL.;Kevin
1038;Daniel Vargas;3141982609;Apple;iPhone 12;En diagnóstico;EL EQUIPO SE REINICIABA SOLO, SE DETECTÓ FALLA EN EL SISTEMA OPERATIVO Y SE REINSTALÓ.;Kevin
1039;Laura Méndez;3118477450;Huawei;Nova 7i;En diagnóstico;SE REEMPLAZÓ EL CHIP DE SEÑAL DEBIDO A PROBLEMAS DE CONECTIVIDAD.;Kevin
1040;Daniel Vargas;3119834490;Apple;iPhone 13;En diagnóstico;SE DETECTÓ CORTO EN LA PLACA POR HUMEDAD. SE LIMPIÓ Y SE HIZO REBALLING AL COMPONENTE AFECTADO.;Kevin
1041;Andrea Gómez;3157229718;Xiaomi;Mi 11 Lite;En diagnóstico;EL SOFTWARE ESTABA CORRUPTO, SE REINSTALÓ Y SE VERIFICÓ FUNCIONAMIENTO NORMAL.;Kevin
1042;Sofía Rojas;3148639820;Xiaomi;Poco X3;Listo para entrega;EL PUERTO DE CARGA TENÍA PINES DAÑADOS, SE REALIZÓ CAMBIO Y SE PROBÓ CONEXIÓN.;Miguel
1043;Laura Méndez;3165596455;Xiaomi;Mi 11 Lite;En diagnóstico;EL CLIENTE REPORTÓ FALLAS EN EL AUDIO. SE LIMPIARON LAS REJILLAS Y SE REEMPLAZÓ EL ALTAVOZ.;Sebastian
1044;Juan Rodríguez;3121435810;Huawei;P40 Lite;Listo para entrega;EL BOTÓN DE ENCENDIDO NO FUNCIONABA, SE REEMPLAZÓ EL FLEX Y SE PROBÓ ENCENDIDO EXITOSAMENTE.;Kevin
1045;Carlos Pérez;3112805967;Samsung;Galaxy S21;En reparación;EL BOTÓN DE ENCENDIDO NO FUNCIONABA, SE REEMPLAZÓ EL FLEX Y SE PROBÓ ENCENDIDO EXITOSAMENTE.;Sebastian
1046;Sofía Rojas;3111514393;Xiaomi;Poco X3;Esperando autorización del cliente;EL CLIENTE REPORTÓ FALLAS EN EL AUDIO. SE LIMPIARON LAS REJILLAS Y SE REEMPLAZÓ EL ALTAVOZ.;Kevin
1047;Pedro Jiménez;3171881805;Samsung;Galaxy S21;En diagnóstico;SE REEMPLAZÓ EL CHIP DE SEÑAL DEBIDO A PROBLEMAS DE CONECTIVIDAD.;Sebastian
1048;Camila Torres;3111402661;Xiaomi;Poco X3;Esperando autorización del cliente;SE REEMPLAZÓ LA BATERÍA Y SE REALIZÓ UNA LIMPIEZA INTERNA.;Juan
1049;Pedro Jiménez;3174886961;Apple;iPhone 12;En diagnóstico;EL CLIENTE REPORTÓ FALLAS EN EL AUDIO. SE LIMPIARON LAS REJILLAS Y SE REEMPLAZÓ EL ALTAVOZ.;Miguel
1050;María Fernández;3184922827;Motorola;Moto G100;Listo para entrega;LA CARGA FALLABA, SE IDENTIFICÓ QUE EL FLEX ESTABA ROTO, SE REEMPLAZÓ Y FUNCIONA BIEN.;Juan
1051;Pedro Jiménez;3139730351;Samsung;Galaxy Note 20;Esperando autorización del cliente;SE REALIZÓ CAMBIO DE CÁMARA FRONTAL POR FALLAS EN EL ENFOQUE, SE PRUEBA Y FUNCIONA CORRECTAMENTE.;Miguel
1052;Andrea Gómez;3163516089;Samsung;Galaxy A32;Listo para entrega;EL EQUIPO PRESENTABA HUMEDAD EN LA PLACA, SE SECÓ Y SE REEMPLAZÓ EL FLEX DE CARGA.;Sebastian
1053;Camila Torres;3134800474;Xiaomi;Redmi Note 10;Esperando autorización del cliente;EL BOTÓN DE ENCENDIDO NO FUNCIONABA, SE REEMPLAZÓ EL FLEX Y SE PROBÓ ENCENDIDO EXITOSAMENTE.;Miguel
1054;Camila Torres;3162517961;Huawei;P40 Lite;En diagnóstico;SE REEMPLAZÓ LA BATERÍA Y SE REALIZÓ UNA LIMPIEZA INTERNA.;Miguel
1055;Pedro Jiménez;3132196093;Apple;iPhone 12;En reparación;EL SOFTWARE ESTABA CORRUPTO, SE REINSTALÓ Y SE VERIFICÓ FUNCIONAMIENTO NORMAL.;Miguel
1056;Carlos Pérez;3135594201;Xiaomi;Mi 11 Lite;En reparación;SE REALIZÓ UN REEMPLAZO DE MÓDULO DE PANTALLA Y AJUSTE DE SENSORES.;Miguel
1057;Laura Méndez;3166215650;Xiaomi;Redmi Note 10;Esperando autorización del cliente;EL EQUIPO PRESENTABA HUMEDAD EN LA PLACA, SE SECÓ Y SE REEMPLAZÓ EL FLEX DE CARGA.;Miguel
1058;Juan Rodríguez;3121751304;Xiaomi;Redmi Note 10;Esperando autorización del cliente;SE IDENTIFICÓ QUE LA BATERÍA ESTABA INFLADA, SE REEMPLAZÓ POR UNA NUEVA Y SE REALIZÓ PRUEBA DE CARGA.;Miguel
1059;María Fernández;3104640570;Apple;iPhone SE;Listo para entrega;SE REALIZÓ MANTENIMIENTO INTERNO Y SE DETECTÓ SULFATO EN EL PIN DE CARGA. SE LIMPIÓ Y SE REEMPLAZÓ EL CONECTOR.;Sebastian
1060;Juan Rodríguez;3164180404;Xiaomi;Mi 11 Lite;Listo para entrega;SE REALIZÓ UN REEMPLAZO DE MÓDULO DE PANTALLA Y AJUSTE DE SENSORES.;Sebastian
1061;Daniel Vargas;3108334987;Apple;iPhone SE;Listo para entrega;EL PUERTO DE CARGA TENÍA PINES DAÑADOS, SE REALIZÓ CAMBIO Y SE PROBÓ CONEXIÓN.;Kevin
1062;Sofía Rojas;3175166751;Xiaomi;Mi 11 Lite;En reparación;SE REEMPLAZÓ EL CHIP DE SEÑAL DEBIDO A PROBLEMAS DE CONECTIVIDAD.;Juan
1063;Pedro Jiménez;3142316315;Motorola;Moto E7;Listo para entrega;SE REEMPLAZÓ LA BATERÍA Y SE REALIZÓ UNA LIMPIEZA INTERNA.;Sebastian
1064;Sofía Rojas;3136619120;Huawei;P40 Lite;En diagnóstico;SE DETECTÓ CORTO EN LA PLACA POR HUMEDAD. SE LIMPIÓ Y SE HIZO REBALLING AL COMPONENTE AFECTADO.;Miguel
1065;Sofía Rojas;3153369592;Apple;iPhone SE;Esperando autorización del cliente;EL PUERTO DE CARGA TENÍA PINES DAÑADOS, SE REALIZÓ CAMBIO Y SE PROBÓ CONEXIÓN.;Kevin
1066;Laura Méndez;3157486163;Xiaomi;Poco X3;En diagnóstico;SE REALIZÓ MANTENIMIENTO INTERNO Y SE DETECTÓ SULFATO EN EL PIN DE CARGA. SE LIMPIÓ Y SE REEMPLAZÓ EL CONECTOR.;Sebastian
1067;Carlos Pérez;3175990249;Motorola;Moto E7;Listo para entrega;SE REALIZÓ UN REEMPLAZO DE MÓDULO DE PANTALLA Y AJUSTE DE SENSORES.;Juan
1068;Carlos Pérez;3189410351;Samsung;Galaxy S21;En diagnóstico;SE IDENTIFICÓ QUE LA BATERÍA ESTABA INFLADA, SE REEMPLAZÓ POR UNA NUEVA Y SE REALIZÓ PRUEBA DE CARGA.;Juan
1069;Sofía Rojas;3152067373;Xiaomi;Redmi Note 10;Listo para entrega;LA CARGA FALLABA, SE IDENTIFICÓ QUE EL FLEX ESTABA ROTO, SE REEMPLAZÓ Y FUNCIONA BIEN.;Miguel
1070;Laura Méndez;3189891023;Samsung;Galaxy A32;En diagnóstico;SE REEMPLAZÓ EL CHIP DE SEÑAL DEBIDO A PROBLEMAS DE CONECTIVIDAD.;Sebastian
1071;Sofía Rojas;3105287907;Xiaomi;Poco X3;En reparación;LA CARGA FALLABA, SE IDENTIFICÓ QUE EL FLEX ESTABA ROTO, SE REEMPLAZÓ Y FUNCIONA BIEN.;Sebastian
1072;María Fernández;3152596060;Samsung;Galaxy Note 20;En reparación;SE IDENTIFICÓ QUE LA BATERÍA ESTABA INFLADA, SE REEMPLAZÓ POR UNA NUEVA Y SE REALIZÓ PRUEBA DE CARGA.;Kevin
1073;Andrea Gómez;3165342750;Huawei;P40 Lite;Listo para entrega;SE REEMPLAZÓ EL CHIP DE SEÑAL DEBIDO A PROBLEMAS DE CONECTIVIDAD.;Miguel
1074;Juan Rodríguez;3191612701;Motorola;Moto E7;En reparación;EL EQUIPO PRESENTABA HUMEDAD EN LA PLACA, SE SECÓ Y SE REEMPLAZÓ EL FLEX DE CARGA.;Juan
1075;Pedro Jiménez;3116034692;Motorola;Moto E7;En diagnóstico;LA CARGA FALLABA, SE IDENTIFICÓ QUE EL FLEX ESTABA ROTO, SE REEMPLAZÓ Y FUNCIONA BIEN.;Sebastian
1076;Sofía Rojas;3151237831;Apple;iPhone 12;En diagnóstico;EL EQUIPO PRESENTABA HUMEDAD EN LA PLACA, SE SECÓ Y SE REEMPLAZÓ EL FLEX DE CARGA.;Miguel
1077;María Fernández;3142942966;Apple;iPhone 12;Esperando autorización del cliente;SE DETECTÓ CORTO EN LA PLACA POR HUMEDAD. SE LIMPIÓ Y SE HIZO REBALLING AL COMPONENTE AFECTADO.;Sebastian
1078;Daniel Vargas;3107874300;Samsung;Galaxy S21;En diagnóstico;EL EQUIPO PRESENTABA HUMEDAD EN LA PLACA, SE SECÓ Y SE REEMPLAZÓ EL FLEX DE CARGA.;Juan
1079;Andrea Gómez;3187335970;Samsung;Galaxy Note 20;Listo para entrega;EL BOTÓN DE ENCENDIDO NO FUNCIONABA, SE REEMPLAZÓ EL FLEX Y SE PROBÓ ENCENDIDO EXITOSAMENTE.;Kevin
1080;Laura Méndez;3188708776;Apple;iPhone 12;En diagnóstico;LA CARGA FALLABA, SE IDENTIFICÓ QUE EL FLEX ESTABA ROTO, SE REEMPLAZÓ Y FUNCIONA BIEN.;Kevin
1081;Sofía Rojas;3147966152;Samsung;Galaxy Note 20;Listo para entrega;EL CLIENTE REPORTÓ FALLAS EN EL AUDIO. SE LIMPIARON LAS REJILLAS Y SE REEMPLAZÓ EL ALTAVOZ.;Sebastian
1082;Sofía Rojas;3161023033;Xiaomi;Mi 11 Lite;En reparación;EL PUERTO DE CARGA TENÍA PINES DAÑADOS, SE REALIZÓ CAMBIO Y SE PROBÓ CONEXIÓN.;Juan
1083;Laura Méndez;3115018223;Motorola;Moto G100;En reparación;SE IDENTIFICÓ QUE LA BATERÍA ESTABA INFLADA, SE REEMPLAZÓ POR UNA NUEVA Y SE REALIZÓ PRUEBA DE CARGA.;Kevin
1084;Juan Rodríguez;3116545454;Samsung;Galaxy A32;En diagnóstico;SE DETECTÓ CORTO EN LA PLACA POR HUMEDAD. SE LIMPIÓ Y SE HIZO REBALLING AL COMPONENTE AFECTADO.;Sebastian
1085;Juan Rodríguez;3161498683;Huawei;P40 Lite;Listo para entrega;SE IDENTIFICÓ QUE LA BATERÍA ESTABA INFLADA, SE REEMPLAZÓ POR UNA NUEVA Y SE REALIZÓ PRUEBA DE CARGA.;Kevin
1086;Camila Torres;3151634202;Xiaomi;Mi 11 Lite;Esperando autorización del cliente;SE REALIZÓ CAMBIO DE CÁMARA FRONTAL POR FALLAS EN EL ENFOQUE, SE PRUEBA Y FUNCIONA CORRECTAMENTE.;Kevin
1087;Sofía Rojas;3133316673;Xiaomi;Redmi Note 10;En diagnóstico;SE IDENTIFICÓ QUE LA BATERÍA ESTABA INFLADA, SE REEMPLAZÓ POR UNA NUEVA Y SE REALIZÓ PRUEBA DE CARGA.;Kevin
1088;Carlos Pérez;3161208357;Xiaomi;Redmi Note 10;En reparación;SE DETECTÓ CORTO EN LA PLACA POR HUMEDAD. SE LIMPIÓ Y SE HIZO REBALLING AL COMPONENTE AFECTADO.;Miguel
1089;Juan Rodríguez;3185765248;Apple;iPhone SE;En reparación;LA PANTALLA ESTABA AVERIADA, SE CAMBIÓ POR UNA NUEVA Y SE REALIZÓ PRUEBA DE FUNCIONAMIENTO.;Miguel
1090;Laura Méndez;3178531145;Samsung;Galaxy S21;Esperando autorización del cliente;EL EQUIPO PRESENTABA HUMEDAD EN LA PLACA, SE SECÓ Y SE REEMPLAZÓ EL FLEX DE CARGA.;Sebastian
1091;David Castro;3136640960;Samsung;Galaxy Note 20;En diagnóstico;SE REEMPLAZÓ EL CHIP DE SEÑAL DEBIDO A PROBLEMAS DE CONECTIVIDAD.;Juan
1092;Camila Torres;3172359426;Apple;iPhone 13;En reparación;SE IDENTIFICÓ QUE LA BATERÍA ESTABA INFLADA, SE REEMPLAZÓ POR UNA NUEVA Y SE REALIZÓ PRUEBA DE CARGA.;Juan
1093;Daniel Vargas;3171614192;Samsung;Galaxy Note 20;Esperando autorización del cliente;LA PANTALLA ESTABA AVERIADA, SE CAMBIÓ POR UNA NUEVA Y SE REALIZÓ PRUEBA DE FUNCIONAMIENTO.;Sebastian
1094;Laura Méndez;3148336484;Motorola;Moto G100;En diagnóstico;EL CLIENTE REPORTÓ FALLAS EN EL AUDIO. SE LIMPIARON LAS REJILLAS Y SE REEMPLAZÓ EL ALTAVOZ.;Kevin
1095;Daniel Vargas;3186529763;Apple;iPhone 13;Listo para entrega;EL PUERTO DE CARGA TENÍA PINES DAÑADOS, SE REALIZÓ CAMBIO Y SE PROBÓ CONEXIÓN.;Sebastian
1096;Juan Rodríguez;3139240234;Samsung;Galaxy S21;En diagnóstico;SE REEMPLAZÓ LA BATERÍA Y SE REALIZÓ UNA LIMPIEZA INTERNA.;Sebastian
1097;María Fernández;3116329395;Motorola;Moto G100;Esperando autorización del cliente;SE IDENTIFICÓ QUE LA BATERÍA ESTABA INFLADA, SE REEMPLAZÓ POR UNA NUEVA Y SE REALIZÓ PRUEBA DE CARGA.;Miguel
1098;Daniel Vargas;3131944031;Motorola;Moto E7;Listo para entrega;EL PUERTO DE CARGA TENÍA PINES DAÑADOS, SE REALIZÓ CAMBIO Y SE PROBÓ CONEXIÓN.;Miguel
1099;María Fernández;3172554298;Xiaomi;Redmi Note 10;Listo para entrega;SE REALIZÓ UN REEMPLAZO DE MÓDULO DE PANTALLA Y AJUSTE DE SENSORES.;Kevin
1100;Carlos Pérez;3186402197;Motorola;Moto G100;Listo para entrega;SE REALIZÓ MANTENIMIENTO INTERNO Y SE DETECTÓ SULFATO EN EL PIN DE CARGA. SE LIMPIÓ Y SE REEMPLAZÓ EL CONECTOR.;Sebastian
1101;María Fernández;3131066762;Samsung;Galaxy Note 20;En diagnóstico;SE IDENTIFICÓ QUE LA BATERÍA ESTABA INFLADA, SE REEMPLAZÓ POR UNA NUEVA Y SE REALIZÓ PRUEBA DE CARGA.;Juan
1102;María Fernández;3136311444;Samsung;Galaxy A32;Esperando autorización del cliente;EL BOTÓN DE ENCENDIDO NO FUNCIONABA, SE REEMPLAZÓ EL FLEX Y SE PROBÓ ENCENDIDO EXITOSAMENTE.;Juan
1103;Sofía Rojas;3132754389;Huawei;Nova 7i;En diagnóstico;EL EQUIPO SE REINICIABA SOLO, SE DETECTÓ FALLA EN EL SISTEMA OPERATIVO Y SE REINSTALÓ.;Miguel
1104;Carlos Pérez;3121262883;Huawei;P40 Lite;Listo para entrega;SE REEMPLAZÓ LA BATERÍA Y SE REALIZÓ UNA LIMPIEZA INTERNA.;Miguel
1105;Andrea Gómez;3132628011;Apple;iPhone 12;Listo para entrega;EL CLIENTE REPORTÓ FALLAS EN EL AUDIO. SE LIMPIARON LAS REJILLAS Y SE REEMPLAZÓ EL ALTAVOZ.;Sebastian
1106;Andrea Gómez;3103654850;Samsung;Galaxy S21;En reparación;EL SOFTWARE ESTABA CORRUPTO, SE REINSTALÓ Y SE VERIFICÓ FUNCIONAMIENTO NORMAL.;Juan
1107;Carlos Pérez;3108927364;Samsung;Galaxy A32;En diagnóstico;SE REALIZÓ UN REEMPLAZO DE MÓDULO DE PANTALLA Y AJUSTE DE SENSORES.;Kevin
1108;Daniel Vargas;3181706906;Xiaomi;Mi 11 Lite;En diagnóstico;SE REALIZÓ MANTENIMIENTO INTERNO Y SE DETECTÓ SULFATO EN EL PIN DE CARGA. SE LIMPIÓ Y SE REEMPLAZÓ EL CONECTOR.;Miguel
1109;Camila Torres;3155508932;Xiaomi;Redmi Note 10;En reparación;EL CLIENTE REPORTÓ FALLAS EN EL AUDIO. SE LIMPIARON LAS REJILLAS Y SE REEMPLAZÓ EL ALTAVOZ.;Juan
1110;Andrea Gómez;3187289305;Samsung;Galaxy S21;En diagnóstico;SE REEMPLAZÓ LA BATERÍA Y SE REALIZÓ UNA LIMPIEZA INTERNA.;Miguel
1111;Sofía Rojas;3153708115;Xiaomi;Mi 11 Lite;En reparación;SE DETECTÓ CORTO EN LA PLACA POR HUMEDAD. SE LIMPIÓ Y SE HIZO REBALLING AL COMPONENTE AFECTADO.;Kevin
1112;Laura Méndez;3123087292;Apple;iPhone 12;Esperando autorización del cliente;EL PUERTO DE CARGA TENÍA PINES DAÑADOS, SE REALIZÓ CAMBIO Y SE PROBÓ CONEXIÓN.;Miguel
1113;Laura Méndez;3184347435;Xiaomi;Poco X3;Listo para entrega;SE REEMPLAZÓ EL CHIP DE SEÑAL DEBIDO A PROBLEMAS DE CONECTIVIDAD.;Sebastian
1114;Laura Méndez;3195198706;Motorola;Moto E7;En diagnóstico;SE REALIZÓ CAMBIO DE CÁMARA FRONTAL POR FALLAS EN EL ENFOQUE, SE PRUEBA Y FUNCIONA CORRECTAMENTE.;Juan
1115;David Castro;3171798050;Samsung;Galaxy A32;Esperando autorización del cliente;EL BOTÓN DE ENCENDIDO NO FUNCIONABA, SE REEMPLAZÓ EL FLEX Y SE PROBÓ ENCENDIDO EXITOSAMENTE.;Miguel
1116;Camila Torres;3108006232;Motorola;Moto G100;Listo para entrega;EL EQUIPO PRESENTABA HUMEDAD EN LA PLACA, SE SECÓ Y SE REEMPLAZÓ EL FLEX DE CARGA.;Kevin
1117;Juan Rodríguez;3197316412;Motorola;Moto G100;Listo para entrega;EL PUERTO DE CARGA TENÍA PINES DAÑADOS, SE REALIZÓ CAMBIO Y SE PROBÓ CONEXIÓN.;Kevin
1118;Carlos Pérez;3165958061;Apple;iPhone 13;Listo para entrega;EL EQUIPO PRESENTABA HUMEDAD EN LA PLACA, SE SECÓ Y SE REEMPLAZÓ EL FLEX DE CARGA.;Miguel
1119;María Fernández;3113117153;Apple;iPhone 12;Esperando autorización del cliente;SE REEMPLAZÓ LA BATERÍA Y SE REALIZÓ UNA LIMPIEZA INTERNA.;Miguel
1120;Sofía Rojas;3127996535;Motorola;Moto G100;En reparación;EL SOFTWARE ESTABA CORRUPTO, SE REINSTALÓ Y SE VERIFICÓ FUNCIONAMIENTO NORMAL.;Kevin
1121;Camila Torres;3109017306;Huawei;P40 Lite;Esperando autorización del cliente;EL BOTÓN DE ENCENDIDO NO FUNCIONABA, SE REEMPLAZÓ EL FLEX Y SE PROBÓ ENCENDIDO EXITOSAMENTE.;Miguel
1122;Pedro Jiménez;3104155654;Huawei;Nova 7i;Listo para entrega;SE DETECTÓ CORTO EN LA PLACA POR HUMEDAD. SE LIMPIÓ Y SE HIZO REBALLING AL COMPONENTE AFECTADO.;Kevin
1123;Daniel Vargas;3183202887;Motorola;Moto E7;Listo para entrega;LA PANTALLA ESTABA AVERIADA, SE CAMBIÓ POR UNA NUEVA Y SE REALIZÓ PRUEBA DE FUNCIONAMIENTO.;Juan
1124;Andrea Gómez;3138636031;Samsung;Galaxy Note 20;Esperando autorización del cliente;SE REEMPLAZÓ LA BATERÍA Y SE REALIZÓ UNA LIMPIEZA INTERNA.;Miguel
1125;María Fernández;3167407825;Xiaomi;Mi 11 Lite;En reparación;LA CARGA FALLABA, SE IDENTIFICÓ QUE EL FLEX ESTABA ROTO, SE REEMPLAZÓ Y FUNCIONA BIEN.;Juan
1126;Daniel Vargas;3174980180;Huawei;P40 Lite;En reparación;EL SOFTWARE ESTABA CORRUPTO, SE REINSTALÓ Y SE VERIFICÓ FUNCIONAMIENTO NORMAL.;Miguel
1127;Pedro Jiménez;3149809786;Xiaomi;Mi 11 Lite;Esperando autorización del cliente;EL EQUIPO SE REINICIABA SOLO, SE DETECTÓ FALLA EN EL SISTEMA OPERATIVO Y SE REINSTALÓ.;Kevin
1128;Pedro Jiménez;3139395969;Huawei;P40 Lite;En diagnóstico;SE REEMPLAZÓ EL CHIP DE SEÑAL DEBIDO A PROBLEMAS DE CONECTIVIDAD.;Juan
1129;Daniel Vargas;3116647864;Huawei;P40 Lite;Esperando autorización del cliente;EL CLIENTE REPORTÓ FALLAS EN EL AUDIO. SE LIMPIARON LAS REJILLAS Y SE REEMPLAZÓ EL ALTAVOZ.;Sebastian
1130;Andrea Gómez;3112817265;Xiaomi;Redmi Note 10;En diagnóstico;SE REALIZÓ CAMBIO DE CÁMARA FRONTAL POR FALLAS EN EL ENFOQUE, SE PRUEBA Y FUNCIONA CORRECTAMENTE.;Sebastian
1131;Laura Méndez;3146376654;Motorola;Moto G100;En reparación;LA CARGA FALLABA, SE IDENTIFICÓ QUE EL FLEX ESTABA ROTO, SE REEMPLAZÓ Y FUNCIONA BIEN.;Kevin
1132;Carlos Pérez;3199108259;Samsung;Galaxy A32;En reparación;SE REEMPLAZÓ LA BATERÍA Y SE REALIZÓ UNA LIMPIEZA INTERNA.;Sebastian
1133;Carlos Pérez;3106810779;Apple;iPhone SE;En reparación;EL PUERTO DE CARGA TENÍA PINES DAÑADOS, SE REALIZÓ CAMBIO Y SE PROBÓ CONEXIÓN.;Miguel
1134;Juan Rodríguez;3156860889;Xiaomi;Mi 11 Lite;En diagnóstico;LA CARGA FALLABA, SE IDENTIFICÓ QUE EL FLEX ESTABA ROTO, SE REEMPLAZÓ Y FUNCIONA BIEN.;Sebastian
1135;Camila Torres;3182370671;Apple;iPhone 13;En reparación;LA PANTALLA ESTABA AVERIADA, SE CAMBIÓ POR UNA NUEVA Y SE REALIZÓ PRUEBA DE FUNCIONAMIENTO.;Sebastian
1136;David Castro;3181177690;Apple;iPhone SE;Esperando autorización del cliente;SE IDENTIFICÓ QUE LA BATERÍA ESTABA INFLADA, SE REEMPLAZÓ POR UNA NUEVA Y SE REALIZÓ PRUEBA DE CARGA.;Kevin
1137;Carlos Pérez;3132901867;Samsung;Galaxy A32;Listo para entrega;SE DETECTÓ CORTO EN LA PLACA POR HUMEDAD. SE LIMPIÓ Y SE HIZO REBALLING AL COMPONENTE AFECTADO.;Juan
1138;María Fernández;3136191006;Apple;iPhone 13;En reparación;EL EQUIPO PRESENTABA HUMEDAD EN LA PLACA, SE SECÓ Y SE REEMPLAZÓ EL FLEX DE CARGA.;Sebastian
1139;Carlos Pérez;3174498960;Samsung;Galaxy Note 20;Listo para entrega;EL BOTÓN DE ENCENDIDO NO FUNCIONABA, SE REEMPLAZÓ EL FLEX Y SE PROBÓ ENCENDIDO EXITOSAMENTE.;Kevin
1140;Camila Torres;3143229388;Huawei;P40 Lite;En reparación;SE IDENTIFICÓ QUE LA BATERÍA ESTABA INFLADA, SE REEMPLAZÓ POR UNA NUEVA Y SE REALIZÓ PRUEBA DE CARGA.;Miguel
1141;Sofía Rojas;3114180144;Xiaomi;Mi 11 Lite;En reparación;LA CARGA FALLABA, SE IDENTIFICÓ QUE EL FLEX ESTABA ROTO, SE REEMPLAZÓ Y FUNCIONA BIEN.;Sebastian
1142;Laura Méndez;3181170688;Apple;iPhone 13;En diagnóstico;SE REEMPLAZÓ LA BATERÍA Y SE REALIZÓ UNA LIMPIEZA INTERNA.;Miguel
1143;Andrea Gómez;3156264060;Motorola;Moto E7;Esperando autorización del cliente;SE REALIZÓ MANTENIMIENTO INTERNO Y SE DETECTÓ SULFATO EN EL PIN DE CARGA. SE LIMPIÓ Y SE REEMPLAZÓ EL CONECTOR.;Miguel
1144;David Castro;3124870551;Samsung;Galaxy S21;En diagnóstico;SE REALIZÓ UN REEMPLAZO DE MÓDULO DE PANTALLA Y AJUSTE DE SENSORES.;Sebastian
1145;Camila Torres;3129394891;Motorola;Moto G100;Esperando autorización del cliente;SE REEMPLAZÓ LA BATERÍA Y SE REALIZÓ UNA LIMPIEZA INTERNA.;Juan
1146;Andrea Gómez;3135157056;Samsung;Galaxy S21;Listo para entrega;EL EQUIPO SE REINICIABA SOLO, SE DETECTÓ FALLA EN EL SISTEMA OPERATIVO Y SE REINSTALÓ.;Kevin
1147;Camila Torres;3187132034;Xiaomi;Redmi Note 10;En reparación;EL CLIENTE REPORTÓ FALLAS EN EL AUDIO. SE LIMPIARON LAS REJILLAS Y SE REEMPLAZÓ EL ALTAVOZ.;Sebastian
1148;Sofía Rojas;3134107686;Huawei;P40 Lite;Esperando autorización del cliente;EL CLIENTE REPORTÓ FALLAS EN EL AUDIO. SE LIMPIARON LAS REJILLAS Y SE REEMPLAZÓ EL ALTAVOZ.;Juan
1149;Pedro Jiménez;3105773943;Motorola;Moto E7;En diagnóstico;SE REALIZÓ MANTENIMIENTO INTERNO Y SE DETECTÓ SULFATO EN EL PIN DE CARGA. SE LIMPIÓ Y SE REEMPLAZÓ EL CONECTOR.;Miguel
1150;Andrea Gómez;3145615595;Motorola;Moto G100;En diagnóstico;SE REALIZÓ UN REEMPLAZO DE MÓDULO DE PANTALLA Y AJUSTE DE SENSORES.;Kevin
1151;Carlos Pérez;3173965138;Huawei;P40 Lite;Listo para entrega;EL PUERTO DE CARGA TENÍA PINES DAÑADOS, SE REALIZÓ CAMBIO Y SE PROBÓ CONEXIÓN.;Kevin
1152;Camila Torres;3171031278;Xiaomi;Mi 11 Lite;En reparación;LA CARGA FALLABA, SE IDENTIFICÓ QUE EL FLEX ESTABA ROTO, SE REEMPLAZÓ Y FUNCIONA BIEN.;Miguel
1153;Juan Rodríguez;3158292766;Huawei;P40 Lite;Esperando autorización del cliente;SE REALIZÓ MANTENIMIENTO INTERNO Y SE DETECTÓ SULFATO EN EL PIN DE CARGA. SE LIMPIÓ Y SE REEMPLAZÓ EL CONECTOR.;Kevin
1154;Andrea Gómez;3165894561;Samsung;Galaxy S21;En diagnóstico;EL BOTÓN DE ENCENDIDO NO FUNCIONABA, SE REEMPLAZÓ EL FLEX Y SE PROBÓ ENCENDIDO EXITOSAMENTE.;Kevin
1155;Juan Rodríguez;3145784495;Motorola;Moto G100;Listo para entrega;SE REALIZÓ MANTENIMIENTO INTERNO Y SE DETECTÓ SULFATO EN EL PIN DE CARGA. SE LIMPIÓ Y SE REEMPLAZÓ EL CONECTOR.;Kevin
1156;Camila Torres;3123603130;Samsung;Galaxy Note 20;Esperando autorización del cliente;SE DETECTÓ CORTO EN LA PLACA POR HUMEDAD. SE LIMPIÓ Y SE HIZO REBALLING AL COMPONENTE AFECTADO.;Sebastian
1157;Camila Torres;3107174075;Samsung;Galaxy Note 20;Esperando autorización del cliente;LA CARGA FALLABA, SE IDENTIFICÓ QUE EL FLEX ESTABA ROTO, SE REEMPLAZÓ Y FUNCIONA BIEN.;Miguel
1158;Juan Rodríguez;3187903646;Apple;iPhone 13;Esperando autorización del cliente;EL BOTÓN DE ENCENDIDO NO FUNCIONABA, SE REEMPLAZÓ EL FLEX Y SE PROBÓ ENCENDIDO EXITOSAMENTE.;Kevin
1159;Pedro Jiménez;3113678479;Motorola;Moto E7;En diagnóstico;SE IDENTIFICÓ QUE LA BATERÍA ESTABA INFLADA, SE REEMPLAZÓ POR UNA NUEVA Y SE REALIZÓ PRUEBA DE CARGA.;Miguel
1160;Pedro Jiménez;3142221168;Apple;iPhone SE;En reparación;LA PANTALLA ESTABA AVERIADA, SE CAMBIÓ POR UNA NUEVA Y SE REALIZÓ PRUEBA DE FUNCIONAMIENTO.;Kevin
1161;María Fernández;3103041423;Xiaomi;Poco X3;En diagnóstico;SE REALIZÓ MANTENIMIENTO INTERNO Y SE DETECTÓ SULFATO EN EL PIN DE CARGA. SE LIMPIÓ Y SE REEMPLAZÓ EL CONECTOR.;Sebastian
1162;Daniel Vargas;3179946825;Apple;iPhone 12;En diagnóstico;EL CLIENTE REPORTÓ FALLAS EN EL AUDIO. SE LIMPIARON LAS REJILLAS Y SE REEMPLAZÓ EL ALTAVOZ.;Sebastian
1163;Laura Méndez;3175330235;Xiaomi;Redmi Note 10;En reparación;SE REALIZÓ MANTENIMIENTO INTERNO Y SE DETECTÓ SULFATO EN EL PIN DE CARGA. SE LIMPIÓ Y SE REEMPLAZÓ EL CONECTOR.;Miguel
1164;Sofía Rojas;3132649092;Motorola;Moto G100;En diagnóstico;EL BOTÓN DE ENCENDIDO NO FUNCIONABA, SE REEMPLAZÓ EL FLEX Y SE PROBÓ ENCENDIDO EXITOSAMENTE.;Juan
1165;David Castro;3111061663;Xiaomi;Mi 11 Lite;Esperando autorización del cliente;LA PANTALLA ESTABA AVERIADA, SE CAMBIÓ POR UNA NUEVA Y SE REALIZÓ PRUEBA DE FUNCIONAMIENTO.;Juan
1166;Daniel Vargas;3197259760;Xiaomi;Mi 11 Lite;Esperando autorización del cliente;SE REALIZÓ UN REEMPLAZO DE MÓDULO DE PANTALLA Y AJUSTE DE SENSORES.;Juan
1167;Sofía Rojas;3129993542;Apple;iPhone 13;En reparación;SE REALIZÓ MANTENIMIENTO INTERNO Y SE DETECTÓ SULFATO EN EL PIN DE CARGA. SE LIMPIÓ Y SE REEMPLAZÓ EL CONECTOR.;Sebastian
1168;Camila Torres;3153054017;Huawei;P40 Lite;En diagnóstico;LA PANTALLA ESTABA AVERIADA, SE CAMBIÓ POR UNA NUEVA Y SE REALIZÓ PRUEBA DE FUNCIONAMIENTO.;Sebastian
1169;Daniel Vargas;3134448516;Samsung;Galaxy S21;Esperando autorización del cliente;SE DETECTÓ CORTO EN LA PLACA POR HUMEDAD. SE LIMPIÓ Y SE HIZO REBALLING AL COMPONENTE AFECTADO.;Juan
1170;Carlos Pérez;3122218489;Huawei;Nova 7i;En diagnóstico;SE REALIZÓ CAMBIO DE CÁMARA FRONTAL POR FALLAS EN EL ENFOQUE, SE PRUEBA Y FUNCIONA CORRECTAMENTE.;Juan
1171;Andrea Gómez;3116788699;Apple;iPhone SE;En reparación;LA PANTALLA ESTABA AVERIADA, SE CAMBIÓ POR UNA NUEVA Y SE REALIZÓ PRUEBA DE FUNCIONAMIENTO.;Juan
1172;Daniel Vargas;3159727952;Motorola;Moto G100;Listo para entrega;EL EQUIPO SE REINICIABA SOLO, SE DETECTÓ FALLA EN EL SISTEMA OPERATIVO Y SE REINSTALÓ.;Miguel
1173;Juan Rodríguez;3107608243;Xiaomi;Mi 11 Lite;En reparación;EL EQUIPO SE REINICIABA SOLO, SE DETECTÓ FALLA EN EL SISTEMA OPERATIVO Y SE REINSTALÓ.;Juan
1174;Andrea Gómez;3169993541;Xiaomi;Mi 11 Lite;Esperando autorización del cliente;EL EQUIPO SE REINICIABA SOLO, SE DETECTÓ FALLA EN EL SISTEMA OPERATIVO Y SE REINSTALÓ.;Kevin
1175;Laura Méndez;3184545102;Xiaomi;Mi 11 Lite;En reparación;EL EQUIPO SE REINICIABA SOLO, SE DETECTÓ FALLA EN EL SISTEMA OPERATIVO Y SE REINSTALÓ.;Juan
1176;Andrea Gómez;3134437722;Samsung;Galaxy A32;Esperando autorización del cliente;EL EQUIPO PRESENTABA HUMEDAD EN LA PLACA, SE SECÓ Y SE REEMPLAZÓ EL FLEX DE CARGA.;Kevin
1177;Juan Rodríguez;3196214686;Xiaomi;Poco X3;En reparación;SE REALIZÓ MANTENIMIENTO INTERNO Y SE DETECTÓ SULFATO EN EL PIN DE CARGA. SE LIMPIÓ Y SE REEMPLAZÓ EL CONECTOR.;Juan
1178;María Fernández;3194721487;Apple;iPhone 13;En reparación;EL SOFTWARE ESTABA CORRUPTO, SE REINSTALÓ Y SE VERIFICÓ FUNCIONAMIENTO NORMAL.;Sebastian
1179;Camila Torres;3142625111;Apple;iPhone SE;Listo para entrega;EL BOTÓN DE ENCENDIDO NO FUNCIONABA, SE REEMPLAZÓ EL FLEX Y SE PROBÓ ENCENDIDO EXITOSAMENTE.;Sebastian
1180;Laura Méndez;3145688113;Samsung;Galaxy A32;Esperando autorización del cliente;EL BOTÓN DE ENCENDIDO NO FUNCIONABA, SE REEMPLAZÓ EL FLEX Y SE PROBÓ ENCENDIDO EXITOSAMENTE.;Kevin
1181;Andrea Gómez;3114210569;Apple;iPhone SE;En diagnóstico;EL PUERTO DE CARGA TENÍA PINES DAÑADOS, SE REALIZÓ CAMBIO Y SE PROBÓ CONEXIÓN.;Miguel
1182;María Fernández;3144874539;Apple;iPhone 12;En diagnóstico;LA PANTALLA ESTABA AVERIADA, SE CAMBIÓ POR UNA NUEVA Y SE REALIZÓ PRUEBA DE FUNCIONAMIENTO.;Miguel
1183;Pedro Jiménez;3191510236;Samsung;Galaxy S21;En reparación;EL EQUIPO PRESENTABA HUMEDAD EN LA PLACA, SE SECÓ Y SE REEMPLAZÓ EL FLEX DE CARGA.;Sebastian
1184;Laura Méndez;3183466777;Apple;iPhone SE;En reparación;EL PUERTO DE CARGA TENÍA PINES DAÑADOS, SE REALIZÓ CAMBIO Y SE PROBÓ CONEXIÓN.;Sebastian
1185;Juan Rodríguez;3187342655;Xiaomi;Mi 11 Lite;Esperando autorización del cliente;EL EQUIPO SE REINICIABA SOLO, SE DETECTÓ FALLA EN EL SISTEMA OPERATIVO Y SE REINSTALÓ.;Sebastian
1186;David Castro;3102252245;Apple;iPhone SE;En reparación;SE REEMPLAZÓ EL CHIP DE SEÑAL DEBIDO A PROBLEMAS DE CONECTIVIDAD.;Juan
1187;David Castro;3108858850;Xiaomi;Poco X3;Esperando autorización del cliente;EL BOTÓN DE ENCENDIDO NO FUNCIONABA, SE REEMPLAZÓ EL FLEX Y SE PROBÓ ENCENDIDO EXITOSAMENTE.;Kevin
1188;Juan Rodríguez;3141480497;Samsung;Galaxy S21;En diagnóstico;EL EQUIPO SE REINICIABA SOLO, SE DETECTÓ FALLA EN EL SISTEMA OPERATIVO Y SE REINSTALÓ.;Sebastian
1189;Andrea Gómez;3197531517;Xiaomi;Redmi Note 10;En reparación;LA PANTALLA ESTABA AVERIADA, SE CAMBIÓ POR UNA NUEVA Y SE REALIZÓ PRUEBA DE FUNCIONAMIENTO.;Sebastian
1190;Pedro Jiménez;3177216950;Apple;iPhone 12;Esperando autorización del cliente;LA PANTALLA ESTABA AVERIADA, SE CAMBIÓ POR UNA NUEVA Y SE REALIZÓ PRUEBA DE FUNCIONAMIENTO.;Miguel
1191;Pedro Jiménez;3146121955;Apple;iPhone 12;En reparación;SE REALIZÓ UN REEMPLAZO DE MÓDULO DE PANTALLA Y AJUSTE DE SENSORES.;Sebastian
1192;Daniel Vargas;3113780634;Huawei;P40 Lite;En reparación;EL BOTÓN DE ENCENDIDO NO FUNCIONABA, SE REEMPLAZÓ EL FLEX Y SE PROBÓ ENCENDIDO EXITOSAMENTE.;Juan
1193;Sofía Rojas;3144878519;Xiaomi;Mi 11 Lite;Esperando autorización del cliente;EL CLIENTE REPORTÓ FALLAS EN EL AUDIO. SE LIMPIARON LAS REJILLAS Y SE REEMPLAZÓ EL ALTAVOZ.;Juan
1194;David Castro;3142188764;Samsung;Galaxy S21;En diagnóstico;SE REALIZÓ UN REEMPLAZO DE MÓDULO DE PANTALLA Y AJUSTE DE SENSORES.;Sebastian
1195;Andrea Gómez;3186450945;Samsung;Galaxy A32;En reparación;LA CARGA FALLABA, SE IDENTIFICÓ QUE EL FLEX ESTABA ROTO, SE REEMPLAZÓ Y FUNCIONA BIEN.;Sebastian
1196;Camila Torres;3192567266;Samsung;Galaxy S21;Esperando autorización del cliente;EL EQUIPO PRESENTABA HUMEDAD EN LA PLACA, SE SECÓ Y SE REEMPLAZÓ EL FLEX DE CARGA.;Kevin
1197;Sofía Rojas;3145843367;Motorola;Moto E7;En reparación;SE REEMPLAZÓ LA BATERÍA Y SE REALIZÓ UNA LIMPIEZA INTERNA.;Sebastian
1198;Laura Méndez;3193829831;Samsung;Galaxy S21;En diagnóstico;SE REEMPLAZÓ EL CHIP DE SEÑAL DEBIDO A PROBLEMAS DE CONECTIVIDAD.;Sebastian
1199;María Fernández;3143332057;Xiaomi;Redmi Note 10;En diagnóstico;SE REALIZÓ CAMBIO DE CÁMARA FRONTAL POR FALLAS EN EL ENFOQUE, SE PRUEBA Y FUNCIONA CORRECTAMENTE.;Miguel
1200;Carlos Pérez;3142101372;Huawei;Nova 7i;En diagnóstico;LA PANTALLA ESTABA AVERIADA, SE CAMBIÓ POR UNA NUEVA Y SE REALIZÓ PRUEBA DE FUNCIONAMIENTO.;Miguel
1201;Andrea Gómez;3117673768;Motorola;Moto G100;Esperando autorización del cliente;LA CARGA FALLABA, SE IDENTIFICÓ QUE EL FLEX ESTABA ROTO, SE REEMPLAZÓ Y FUNCIONA BIEN.;Juan
1202;Andrea Gómez;3108336405;Samsung;Galaxy Note 20;Listo para entrega;EL SOFTWARE ESTABA CORRUPTO, SE REINSTALÓ Y SE VERIFICÓ FUNCIONAMIENTO NORMAL.;Juan
1203;Pedro Jiménez;3145644476;Huawei;Nova 7i;En reparación;EL SOFTWARE ESTABA CORRUPTO, SE REINSTALÓ Y SE VERIFICÓ FUNCIONAMIENTO NORMAL.;Sebastian
1204;Laura Méndez;3148350404;Samsung;Galaxy Note 20;En diagnóstico;EL PUERTO DE CARGA TENÍA PINES DAÑADOS, SE REALIZÓ CAMBIO Y SE PROBÓ CONEXIÓN.;Kevin
1205;Pedro Jiménez;3123376537;Apple;iPhone SE;Listo para entrega;SE REALIZÓ CAMBIO DE CÁMARA FRONTAL POR FALLAS EN EL ENFOQUE, SE PRUEBA Y FUNCIONA CORRECTAMENTE.;Miguel
1206;Andrea Gómez;3191019743;Xiaomi;Redmi Note 10;Listo para entrega;LA PANTALLA ESTABA AVERIADA, SE CAMBIÓ POR UNA NUEVA Y SE REALIZÓ PRUEBA DE FUNCIONAMIENTO.;Miguel
1207;Juan Rodríguez;3134331242;Xiaomi;Mi 11 Lite;Esperando autorización del cliente;SE REEMPLAZÓ EL CHIP DE SEÑAL DEBIDO A PROBLEMAS DE CONECTIVIDAD.;Juan
1208;Carlos Pérez;3145401812;Xiaomi;Poco X3;Listo para entrega;SE IDENTIFICÓ QUE LA BATERÍA ESTABA INFLADA, SE REEMPLAZÓ POR UNA NUEVA Y SE REALIZÓ PRUEBA DE CARGA.;Kevin
1209;Juan Rodríguez;3111755554;Xiaomi;Mi 11 Lite;En diagnóstico;EL EQUIPO SE REINICIABA SOLO, SE DETECTÓ FALLA EN EL SISTEMA OPERATIVO Y SE REINSTALÓ.;Juan
1210;Daniel Vargas;3114443095;Xiaomi;Redmi Note 10;Listo para entrega;SE REALIZÓ MANTENIMIENTO INTERNO Y SE DETECTÓ SULFATO EN EL PIN DE CARGA. SE LIMPIÓ Y SE REEMPLAZÓ EL CONECTOR.;Miguel
1211;David Castro;3121641590;Samsung;Galaxy Note 20;Listo para entrega;SE REALIZÓ CAMBIO DE CÁMARA FRONTAL POR FALLAS EN EL ENFOQUE, SE PRUEBA Y FUNCIONA CORRECTAMENTE.;Miguel
1212;David Castro;3134336181;Motorola;Moto E7;En diagnóstico;EL BOTÓN DE ENCENDIDO NO FUNCIONABA, SE REEMPLAZÓ EL FLEX Y SE PROBÓ ENCENDIDO EXITOSAMENTE.;Sebastian
1213;Carlos Pérez;3105115676;Xiaomi;Redmi Note 10;En diagnóstico;SE IDENTIFICÓ QUE LA BATERÍA ESTABA INFLADA, SE REEMPLAZÓ POR UNA NUEVA Y SE REALIZÓ PRUEBA DE CARGA.;Sebastian
1214;Daniel Vargas;3174856938;Huawei;P40 Lite;Esperando autorización del cliente;EL PUERTO DE CARGA TENÍA PINES DAÑADOS, SE REALIZÓ CAMBIO Y SE PROBÓ CONEXIÓN.;Juan
1215;Pedro Jiménez;3198199544;Xiaomi;Redmi Note 10;En reparación;SE REEMPLAZÓ EL CHIP DE SEÑAL DEBIDO A PROBLEMAS DE CONECTIVIDAD.;Sebastian
1216;Laura Méndez;3167183066;Apple;iPhone 13;Listo para entrega;EL EQUIPO SE REINICIABA SOLO, SE DETECTÓ FALLA EN EL SISTEMA OPERATIVO Y SE REINSTALÓ.;Kevin
1217;Andrea Gómez;3119125652;Motorola;Moto E7;Listo para entrega;SE REALIZÓ MANTENIMIENTO INTERNO Y SE DETECTÓ SULFATO EN EL PIN DE CARGA. SE LIMPIÓ Y SE REEMPLAZÓ EL CONECTOR.;Kevin
1218;Sofía Rojas;3116749375;Huawei;P40 Lite;En diagnóstico;EL PUERTO DE CARGA TENÍA PINES DAÑADOS, SE REALIZÓ CAMBIO Y SE PROBÓ CONEXIÓN.;Sebastian
1219;Daniel Vargas;3148584098;Xiaomi;Mi 11 Lite;Listo para entrega;SE REEMPLAZÓ EL CHIP DE SEÑAL DEBIDO A PROBLEMAS DE CONECTIVIDAD.;Sebastian
1220;Sofía Rojas;3167701186;Apple;iPhone 12;En reparación;EL EQUIPO PRESENTABA HUMEDAD EN LA PLACA, SE SECÓ Y SE REEMPLAZÓ EL FLEX DE CARGA.;Sebastian
1221;Sofía Rojas;3149969118;Samsung;Galaxy Note 20;En reparación;EL BOTÓN DE ENCENDIDO NO FUNCIONABA, SE REEMPLAZÓ EL FLEX Y SE PROBÓ ENCENDIDO EXITOSAMENTE.;Miguel
1222;Carlos Pérez;3131920486;Xiaomi;Mi 11 Lite;En reparación;SE REALIZÓ CAMBIO DE CÁMARA FRONTAL POR FALLAS EN EL ENFOQUE, SE PRUEBA Y FUNCIONA CORRECTAMENTE.;Sebastian
1223;Daniel Vargas;3154080326;Xiaomi;Mi 11 Lite;Esperando autorización del cliente;EL CLIENTE REPORTÓ FALLAS EN EL AUDIO. SE LIMPIARON LAS REJILLAS Y SE REEMPLAZÓ EL ALTAVOZ.;Juan
1224;Sofía Rojas;3145190462;Samsung;Galaxy A32;En reparación;SE REALIZÓ CAMBIO DE CÁMARA FRONTAL POR FALLAS EN EL ENFOQUE, SE PRUEBA Y FUNCIONA CORRECTAMENTE.;Kevin
1225;Pedro Jiménez;3103534449;Apple;iPhone 13;Listo para entrega;EL BOTÓN DE ENCENDIDO NO FUNCIONABA, SE REEMPLAZÓ EL FLEX Y SE PROBÓ ENCENDIDO EXITOSAMENTE.;Sebastian
1226;David Castro;3149626558;Apple;iPhone 13;En diagnóstico;EL SOFTWARE ESTABA CORRUPTO, SE REINSTALÓ Y SE VERIFICÓ FUNCIONAMIENTO NORMAL.;Juan
1227;Andrea Gómez;3185680593;Motorola;Moto E7;En diagnóstico;EL PUERTO DE CARGA TENÍA PINES DAÑADOS, SE REALIZÓ CAMBIO Y SE PROBÓ CONEXIÓN.;Miguel
1228;Camila Torres;3188543796;Samsung;Galaxy A32;En diagnóstico;LA PANTALLA ESTABA AVERIADA, SE CAMBIÓ POR UNA NUEVA Y SE REALIZÓ PRUEBA DE FUNCIONAMIENTO.;Kevin
1229;Pedro Jiménez;3169802587;Samsung;Galaxy Note 20;Listo para entrega;SE REALIZÓ CAMBIO DE CÁMARA FRONTAL POR FALLAS EN EL ENFOQUE, SE PRUEBA Y FUNCIONA CORRECTAMENTE.;Sebastian
1230;Pedro Jiménez;3194392569;Motorola;Moto G100;Listo para entrega;SE REALIZÓ UN REEMPLAZO DE MÓDULO DE PANTALLA Y AJUSTE DE SENSORES.;Miguel
1231;Sofía Rojas;3145625564;Apple;iPhone 12;En reparación;SE REALIZÓ MANTENIMIENTO INTERNO Y SE DETECTÓ SULFATO EN EL PIN DE CARGA. SE LIMPIÓ Y SE REEMPLAZÓ EL CONECTOR.;Sebastian
1232;Sofía Rojas;3192873012;Apple;iPhone 13;Esperando autorización del cliente;SE DETECTÓ CORTO EN LA PLACA POR HUMEDAD. SE LIMPIÓ Y SE HIZO REBALLING AL COMPONENTE AFECTADO.;Kevin
1233;Laura Méndez;3105891855;Xiaomi;Redmi Note 10;Esperando autorización del cliente;EL BOTÓN DE ENCENDIDO NO FUNCIONABA, SE REEMPLAZÓ EL FLEX Y SE PROBÓ ENCENDIDO EXITOSAMENTE.;Sebastian
1234;Carlos Pérez;3199402133;Motorola;Moto E7;Listo para entrega;EL BOTÓN DE ENCENDIDO NO FUNCIONABA, SE REEMPLAZÓ EL FLEX Y SE PROBÓ ENCENDIDO EXITOSAMENTE.;Miguel
1235;Camila Torres;3124231887;Xiaomi;Redmi Note 10;Esperando autorización del cliente;SE DETECTÓ CORTO EN LA PLACA POR HUMEDAD. SE LIMPIÓ Y SE HIZO REBALLING AL COMPONENTE AFECTADO.;Kevin
1236;Camila Torres;3167207164;Apple;iPhone 12;Esperando autorización del cliente;LA CARGA FALLABA, SE IDENTIFICÓ QUE EL FLEX ESTABA ROTO, SE REEMPLAZÓ Y FUNCIONA BIEN.;Sebastian
1237;Camila Torres;3172104833;Xiaomi;Poco X3;Esperando autorización del cliente;EL CLIENTE REPORTÓ FALLAS EN EL AUDIO. SE LIMPIARON LAS REJILLAS Y SE REEMPLAZÓ EL ALTAVOZ.;Sebastian
1238;Daniel Vargas;3131187868;Huawei;Nova 7i;Esperando autorización del cliente;SE REALIZÓ MANTENIMIENTO INTERNO Y SE DETECTÓ SULFATO EN EL PIN DE CARGA. SE LIMPIÓ Y SE REEMPLAZÓ EL CONECTOR.;Kevin
1239;Daniel Vargas;3117390454;Samsung;Galaxy A32;En reparación;EL EQUIPO PRESENTABA HUMEDAD EN LA PLACA, SE SECÓ Y SE REEMPLAZÓ EL FLEX DE CARGA.;Juan
1240;Juan Rodríguez;3176133761;Huawei;P40 Lite;Listo para entrega;SE IDENTIFICÓ QUE LA BATERÍA ESTABA INFLADA, SE REEMPLAZÓ POR UNA NUEVA Y SE REALIZÓ PRUEBA DE CARGA.;Juan
1241;Juan Rodríguez;3102838779;Xiaomi;Poco X3;Listo para entrega;EL EQUIPO SE REINICIABA SOLO, SE DETECTÓ FALLA EN EL SISTEMA OPERATIVO Y SE REINSTALÓ.;Kevin
1242;Camila Torres;3151480558;Apple;iPhone 12;En reparación;SE REEMPLAZÓ LA BATERÍA Y SE REALIZÓ UNA LIMPIEZA INTERNA.;Miguel
1243;Andrea Gómez;3104876210;Samsung;Galaxy S21;Esperando autorización del cliente;LA CARGA FALLABA, SE IDENTIFICÓ QUE EL FLEX ESTABA ROTO, SE REEMPLAZÓ Y FUNCIONA BIEN.;Juan
1244;Pedro Jiménez;3153792372;Samsung;Galaxy S21;Esperando autorización del cliente;SE REALIZÓ UN REEMPLAZO DE MÓDULO DE PANTALLA Y AJUSTE DE SENSORES.;Juan
1245;Juan Rodríguez;3107749427;Huawei;Nova 7i;Esperando autorización del cliente;SE REALIZÓ MANTENIMIENTO INTERNO Y SE DETECTÓ SULFATO EN EL PIN DE CARGA. SE LIMPIÓ Y SE REEMPLAZÓ EL CONECTOR.;Sebastian
1246;Laura Méndez;3106776163;Samsung;Galaxy S21;En diagnóstico;EL PUERTO DE CARGA TENÍA PINES DAÑADOS, SE REALIZÓ CAMBIO Y SE PROBÓ CONEXIÓN.;Kevin
1247;Andrea Gómez;3143327227;Huawei;P40 Lite;Listo para entrega;LA CARGA FALLABA, SE IDENTIFICÓ QUE EL FLEX ESTABA ROTO, SE REEMPLAZÓ Y FUNCIONA BIEN.;Miguel
1248;Pedro Jiménez;3166240371;Xiaomi;Poco X3;Listo para entrega;EL EQUIPO SE REINICIABA SOLO, SE DETECTÓ FALLA EN EL SISTEMA OPERATIVO Y SE REINSTALÓ.;Juan
1249;Daniel Vargas;3152168084;Samsung;Galaxy S21;En diagnóstico;EL SOFTWARE ESTABA CORRUPTO, SE REINSTALÓ Y SE VERIFICÓ FUNCIONAMIENTO NORMAL.;Kevin
1250;Andrea Gómez;3191536918;Motorola;Moto G100;En reparación;SE REEMPLAZÓ EL CHIP DE SEÑAL DEBIDO A PROBLEMAS DE CONECTIVIDAD.;Miguel
1251;Camila Torres;3138745906;Samsung;Galaxy A32;Esperando autorización del cliente;EL BOTÓN DE ENCENDIDO NO FUNCIONABA, SE REEMPLAZÓ EL FLEX Y SE PROBÓ ENCENDIDO EXITOSAMENTE.;Kevin
1252;Pedro Jiménez;3158879521;Huawei;Nova 7i;Listo para entrega;SE REALIZÓ UN REEMPLAZO DE MÓDULO DE PANTALLA Y AJUSTE DE SENSORES.;Juan
1253;Pedro Jiménez;3128750806;Apple;iPhone SE;Listo para entrega;EL BOTÓN DE ENCENDIDO NO FUNCIONABA, SE REEMPLAZÓ EL FLEX Y SE PROBÓ ENCENDIDO EXITOSAMENTE.;Juan
1254;Sofía Rojas;3141592514;Samsung;Galaxy A32;Listo para entrega;EL SOFTWARE ESTABA CORRUPTO, SE REINSTALÓ Y SE VERIFICÓ FUNCIONAMIENTO NORMAL.;Sebastian
1255;Andrea Gómez;3137885100;Xiaomi;Poco X3;Listo para entrega;SE REALIZÓ CAMBIO DE CÁMARA FRONTAL POR FALLAS EN EL ENFOQUE, SE PRUEBA Y FUNCIONA CORRECTAMENTE.;Juan
1256;Sofía Rojas;3132258139;Xiaomi;Poco X3;En diagnóstico;EL PUERTO DE CARGA TENÍA PINES DAÑADOS, SE REALIZÓ CAMBIO Y SE PROBÓ CONEXIÓN.;Kevin
1257;Laura Méndez;3188393429;Apple;iPhone SE;Listo para entrega;SE REALIZÓ CAMBIO DE CÁMARA FRONTAL POR FALLAS EN EL ENFOQUE, SE PRUEBA Y FUNCIONA CORRECTAMENTE.;Juan
1258;Juan Rodríguez;3158464582;Motorola;Moto G100;Listo para entrega;LA CARGA FALLABA, SE IDENTIFICÓ QUE EL FLEX ESTABA ROTO, SE REEMPLAZÓ Y FUNCIONA BIEN.;Kevin
1259;María Fernández;3132862587;Samsung;Galaxy S21;En reparación;SE IDENTIFICÓ QUE LA BATERÍA ESTABA INFLADA, SE REEMPLAZÓ POR UNA NUEVA Y SE REALIZÓ PRUEBA DE CARGA.;Juan
1260;Carlos Pérez;3149082447;Samsung;Galaxy Note 20;En diagnóstico;SE IDENTIFICÓ QUE LA BATERÍA ESTABA INFLADA, SE REEMPLAZÓ POR UNA NUEVA Y SE REALIZÓ PRUEBA DE CARGA.;Miguel
1261;David Castro;3174110585;Xiaomi;Mi 11 Lite;En reparación;SE REALIZÓ CAMBIO DE CÁMARA FRONTAL POR FALLAS EN EL ENFOQUE, SE PRUEBA Y FUNCIONA CORRECTAMENTE.;Kevin
1262;Camila Torres;3187837760;Samsung;Galaxy Note 20;En diagnóstico;EL PUERTO DE CARGA TENÍA PINES DAÑADOS, SE REALIZÓ CAMBIO Y SE PROBÓ CONEXIÓN.;Sebastian
1263;Laura Méndez;3158576860;Apple;iPhone 13;En reparación;SE REALIZÓ UN REEMPLAZO DE MÓDULO DE PANTALLA Y AJUSTE DE SENSORES.;Sebastian
1264;Carlos Pérez;3198625610;Xiaomi;Poco X3;Esperando autorización del cliente;EL BOTÓN DE ENCENDIDO NO FUNCIONABA, SE REEMPLAZÓ EL FLEX Y SE PROBÓ ENCENDIDO EXITOSAMENTE.;Kevin
1265;Camila Torres;3197172677;Apple;iPhone 12;Esperando autorización del cliente;LA CARGA FALLABA, SE IDENTIFICÓ QUE EL FLEX ESTABA ROTO, SE REEMPLAZÓ Y FUNCIONA BIEN.;Kevin
1266;Andrea Gómez;3154918824;Samsung;Galaxy Note 20;Listo para entrega;SE DETECTÓ CORTO EN LA PLACA POR HUMEDAD. SE LIMPIÓ Y SE HIZO REBALLING AL COMPONENTE AFECTADO.;Kevin
1267;Sofía Rojas;3193154728;Huawei;P40 Lite;Listo para entrega;LA CARGA FALLABA, SE IDENTIFICÓ QUE EL FLEX ESTABA ROTO, SE REEMPLAZÓ Y FUNCIONA BIEN.;Miguel
1268;Andrea Gómez;3134089714;Motorola;Moto E7;Esperando autorización del cliente;SE DETECTÓ CORTO EN LA PLACA POR HUMEDAD. SE LIMPIÓ Y SE HIZO REBALLING AL COMPONENTE AFECTADO.;Juan
1269;Camila Torres;3185335513;Xiaomi;Redmi Note 10;En diagnóstico;EL EQUIPO SE REINICIABA SOLO, SE DETECTÓ FALLA EN EL SISTEMA OPERATIVO Y SE REINSTALÓ.;Sebastian
1270;Laura Méndez;3185459935;Motorola;Moto E7;En reparación;LA PANTALLA ESTABA AVERIADA, SE CAMBIÓ POR UNA NUEVA Y SE REALIZÓ PRUEBA DE FUNCIONAMIENTO.;Kevin
1271;Laura Méndez;3124841292;Apple;iPhone 13;En reparación;SE REEMPLAZÓ EL CHIP DE SEÑAL DEBIDO A PROBLEMAS DE CONECTIVIDAD.;Sebastian
1272;Carlos Pérez;3164867601;Samsung;Galaxy Note 20;En diagnóstico;SE REALIZÓ CAMBIO DE CÁMARA FRONTAL POR FALLAS EN EL ENFOQUE, SE PRUEBA Y FUNCIONA CORRECTAMENTE.;Sebastian
1273;Juan Rodríguez;3156440081;Huawei;Nova 7i;Listo para entrega;EL EQUIPO PRESENTABA HUMEDAD EN LA PLACA, SE SECÓ Y SE REEMPLAZÓ EL FLEX DE CARGA.;Miguel
1274;Sofía Rojas;3123194317;Samsung;Galaxy A32;En reparación;EL EQUIPO SE REINICIABA SOLO, SE DETECTÓ FALLA EN EL SISTEMA OPERATIVO Y SE REINSTALÓ.;Sebastian
1275;David Castro;3176356525;Huawei;Nova 7i;Esperando autorización del cliente;SE DETECTÓ CORTO EN LA PLACA POR HUMEDAD. SE LIMPIÓ Y SE HIZO REBALLING AL COMPONENTE AFECTADO.;Sebastian
1276;Andrea Gómez;3109798510;Xiaomi;Poco X3;En reparación;EL SOFTWARE ESTABA CORRUPTO, SE REINSTALÓ Y SE VERIFICÓ FUNCIONAMIENTO NORMAL.;Kevin
1277;Camila Torres;3182031265;Xiaomi;Poco X3;Listo para entrega;EL BOTÓN DE ENCENDIDO NO FUNCIONABA, SE REEMPLAZÓ EL FLEX Y SE PROBÓ ENCENDIDO EXITOSAMENTE.;Miguel
1278;María Fernández;3118253623;Motorola;Moto G100;En reparación;LA PANTALLA ESTABA AVERIADA, SE CAMBIÓ POR UNA NUEVA Y SE REALIZÓ PRUEBA DE FUNCIONAMIENTO.;Sebastian
1279;David Castro;3193670737;Apple;iPhone 13;En reparación;SE REALIZÓ MANTENIMIENTO INTERNO Y SE DETECTÓ SULFATO EN EL PIN DE CARGA. SE LIMPIÓ Y SE REEMPLAZÓ EL CONECTOR.;Juan
1280;Juan Rodríguez;3173084693;Xiaomi;Poco X3;En diagnóstico;SE REALIZÓ CAMBIO DE CÁMARA FRONTAL POR FALLAS EN EL ENFOQUE, SE PRUEBA Y FUNCIONA CORRECTAMENTE.;Juan
1281;Daniel Vargas;3112191616;Apple;iPhone 13;Esperando autorización del cliente;EL EQUIPO PRESENTABA HUMEDAD EN LA PLACA, SE SECÓ Y SE REEMPLAZÓ EL FLEX DE CARGA.;Miguel
1282;Sofía Rojas;3102506518;Samsung;Galaxy S21;Esperando autorización del cliente;SE REALIZÓ MANTENIMIENTO INTERNO Y SE DETECTÓ SULFATO EN EL PIN DE CARGA. SE LIMPIÓ Y SE REEMPLAZÓ EL CONECTOR.;Kevin
1283;Daniel Vargas;3115225654;Apple;iPhone 12;En reparación;SE REALIZÓ MANTENIMIENTO INTERNO Y SE DETECTÓ SULFATO EN EL PIN DE CARGA. SE LIMPIÓ Y SE REEMPLAZÓ EL CONECTOR.;Miguel
1284;Carlos Pérez;3197922396;Apple;iPhone SE;Esperando autorización del cliente;EL SOFTWARE ESTABA CORRUPTO, SE REINSTALÓ Y SE VERIFICÓ FUNCIONAMIENTO NORMAL.;Sebastian
1285;Andrea Gómez;3117976236;Huawei;Nova 7i;En diagnóstico;SE REALIZÓ MANTENIMIENTO INTERNO Y SE DETECTÓ SULFATO EN EL PIN DE CARGA. SE LIMPIÓ Y SE REEMPLAZÓ EL CONECTOR.;Miguel
1286;María Fernández;3195429936;Apple;iPhone SE;En reparación;EL SOFTWARE ESTABA CORRUPTO, SE REINSTALÓ Y SE VERIFICÓ FUNCIONAMIENTO NORMAL.;Juan
1287;Pedro Jiménez;3186818434;Apple;iPhone SE;Listo para entrega;EL BOTÓN DE ENCENDIDO NO FUNCIONABA, SE REEMPLAZÓ EL FLEX Y SE PROBÓ ENCENDIDO EXITOSAMENTE.;Miguel
1288;Andrea Gómez;3164921052;Apple;iPhone SE;En diagnóstico;SE REEMPLAZÓ EL CHIP DE SEÑAL DEBIDO A PROBLEMAS DE CONECTIVIDAD.;Sebastian
1289;Pedro Jiménez;3197314768;Xiaomi;Poco X3;Listo para entrega;SE REEMPLAZÓ EL CHIP DE SEÑAL DEBIDO A PROBLEMAS DE CONECTIVIDAD.;Miguel
1290;Sofía Rojas;3117747406;Apple;iPhone SE;En reparación;EL EQUIPO SE REINICIABA SOLO, SE DETECTÓ FALLA EN EL SISTEMA OPERATIVO Y SE REINSTALÓ.;Sebastian
1291;Daniel Vargas;3104932623;Xiaomi;Poco X3;En diagnóstico;SE IDENTIFICÓ QUE LA BATERÍA ESTABA INFLADA, SE REEMPLAZÓ POR UNA NUEVA Y SE REALIZÓ PRUEBA DE CARGA.;Miguel
1292;María Fernández;3184465899;Apple;iPhone SE;En diagnóstico;SE REALIZÓ CAMBIO DE CÁMARA FRONTAL POR FALLAS EN EL ENFOQUE, SE PRUEBA Y FUNCIONA CORRECTAMENTE.;Kevin
1293;Andrea Gómez;3186250585;Xiaomi;Redmi Note 10;Listo para entrega;EL PUERTO DE CARGA TENÍA PINES DAÑADOS, SE REALIZÓ CAMBIO Y SE PROBÓ CONEXIÓN.;Miguel
1294;David Castro;3151257002;Motorola;Moto G100;Esperando autorización del cliente;SE REALIZÓ CAMBIO DE CÁMARA FRONTAL POR FALLAS EN EL ENFOQUE, SE PRUEBA Y FUNCIONA CORRECTAMENTE.;Juan
1295;Juan Rodríguez;3117303250;Apple;iPhone 12;En diagnóstico;EL PUERTO DE CARGA TENÍA PINES DAÑADOS, SE REALIZÓ CAMBIO Y SE PROBÓ CONEXIÓN.;Kevin
1296;Laura Méndez;3105648062;Huawei;P40 Lite;Esperando autorización del cliente;SE REEMPLAZÓ EL CHIP DE SEÑAL DEBIDO A PROBLEMAS DE CONECTIVIDAD.;Miguel
1297;Juan Rodríguez;3157673331;Xiaomi;Redmi Note 10;En reparación;SE IDENTIFICÓ QUE LA BATERÍA ESTABA INFLADA, SE REEMPLAZÓ POR UNA NUEVA Y SE REALIZÓ PRUEBA DE CARGA.;Kevin
1298;Daniel Vargas;3122743844;Xiaomi;Poco X3;En diagnóstico;SE REEMPLAZÓ LA BATERÍA Y SE REALIZÓ UNA LIMPIEZA INTERNA.;Juan
1299;David Castro;3173571087;Xiaomi;Mi 11 Lite;Esperando autorización del cliente;EL CLIENTE REPORTÓ FALLAS EN EL AUDIO. SE LIMPIARON LAS REJILLAS Y SE REEMPLAZÓ EL ALTAVOZ.;Miguel
1300;Andrea Gómez;3199490544;Huawei;Nova 7i;En reparación;SE REALIZÓ MANTENIMIENTO INTERNO Y SE DETECTÓ SULFATO EN EL PIN DE CARGA. SE LIMPIÓ Y SE REEMPLAZÓ EL CONECTOR.;Juan
1301;Camila Torres;3118574177;Xiaomi;Poco X3;Esperando autorización del cliente;EL BOTÓN DE ENCENDIDO NO FUNCIONABA, SE REEMPLAZÓ EL FLEX Y SE PROBÓ ENCENDIDO EXITOSAMENTE.;Kevin
1302;Daniel Vargas;3128947522;Xiaomi;Redmi Note 10;En reparación;EL EQUIPO PRESENTABA HUMEDAD EN LA PLACA, SE SECÓ Y SE REEMPLAZÓ EL FLEX DE CARGA.;Sebastian
1303;Pedro Jiménez;3183463261;Motorola;Moto E7;Esperando autorización del cliente;LA CARGA FALLABA, SE IDENTIFICÓ QUE EL FLEX ESTABA ROTO, SE REEMPLAZÓ Y FUNCIONA BIEN.;Sebastian
1304;David Castro;3149783019;Samsung;Galaxy A32;En reparación;SE DETECTÓ CORTO EN LA PLACA POR HUMEDAD. SE LIMPIÓ Y SE HIZO REBALLING AL COMPONENTE AFECTADO.;Sebastian
1305;Andrea Gómez;3172413642;Samsung;Galaxy S21;Esperando autorización del cliente;EL EQUIPO SE REINICIABA SOLO, SE DETECTÓ FALLA EN EL SISTEMA OPERATIVO Y SE REINSTALÓ.;Sebastian
1306;Andrea Gómez;3167680925;Apple;iPhone SE;Listo para entrega;SE REALIZÓ CAMBIO DE CÁMARA FRONTAL POR FALLAS EN EL ENFOQUE, SE PRUEBA Y FUNCIONA CORRECTAMENTE.;Sebastian
1307;Carlos Pérez;3172208431;Huawei;Nova 7i;En diagnóstico;SE IDENTIFICÓ QUE LA BATERÍA ESTABA INFLADA, SE REEMPLAZÓ POR UNA NUEVA Y SE REALIZÓ PRUEBA DE CARGA.;Kevin
1308;Pedro Jiménez;3149365700;Apple;iPhone SE;En diagnóstico;EL PUERTO DE CARGA TENÍA PINES DAÑADOS, SE REALIZÓ CAMBIO Y SE PROBÓ CONEXIÓN.;Sebastian
1309;Pedro Jiménez;3199669197;Samsung;Galaxy A32;En reparación;SE REALIZÓ CAMBIO DE CÁMARA FRONTAL POR FALLAS EN EL ENFOQUE, SE PRUEBA Y FUNCIONA CORRECTAMENTE.;Miguel
1310;Sofía Rojas;3118480274;Apple;iPhone 13;En diagnóstico;EL SOFTWARE ESTABA CORRUPTO, SE REINSTALÓ Y SE VERIFICÓ FUNCIONAMIENTO NORMAL.;Sebastian
1311;Daniel Vargas;3194255983;Xiaomi;Redmi Note 10;Esperando autorización del cliente;EL BOTÓN DE ENCENDIDO NO FUNCIONABA, SE REEMPLAZÓ EL FLEX Y SE PROBÓ ENCENDIDO EXITOSAMENTE.;Sebastian
1312;Andrea Gómez;3116932715;Xiaomi;Poco X3;Esperando autorización del cliente;EL EQUIPO PRESENTABA HUMEDAD EN LA PLACA, SE SECÓ Y SE REEMPLAZÓ EL FLEX DE CARGA.;Sebastian
1313;Laura Méndez;3171426386;Motorola;Moto G100;En reparación;LA CARGA FALLABA, SE IDENTIFICÓ QUE EL FLEX ESTABA ROTO, SE REEMPLAZÓ Y FUNCIONA BIEN.;Kevin
1314;María Fernández;3175043208;Apple;iPhone 13;Listo para entrega;EL EQUIPO PRESENTABA HUMEDAD EN LA PLACA, SE SECÓ Y SE REEMPLAZÓ EL FLEX DE CARGA.;Miguel
1315;Andrea Gómez;3153920656;Samsung;Galaxy A32;En diagnóstico;EL BOTÓN DE ENCENDIDO NO FUNCIONABA, SE REEMPLAZÓ EL FLEX Y SE PROBÓ ENCENDIDO EXITOSAMENTE.;Juan
1316;Sofía Rojas;3122729980;Motorola;Moto E7;En diagnóstico;SE IDENTIFICÓ QUE LA BATERÍA ESTABA INFLADA, SE REEMPLAZÓ POR UNA NUEVA Y SE REALIZÓ PRUEBA DE CARGA.;Sebastian
1317;María Fernández;3177065440;Xiaomi;Poco X3;Listo para entrega;EL EQUIPO SE REINICIABA SOLO, SE DETECTÓ FALLA EN EL SISTEMA OPERATIVO Y SE REINSTALÓ.;Juan
1318;David Castro;3126107396;Huawei;P40 Lite;Esperando autorización del cliente;LA PANTALLA ESTABA AVERIADA, SE CAMBIÓ POR UNA NUEVA Y SE REALIZÓ PRUEBA DE FUNCIONAMIENTO.;Miguel
1319;María Fernández;3198578283;Apple;iPhone 13;Esperando autorización del cliente;SE REALIZÓ UN REEMPLAZO DE MÓDULO DE PANTALLA Y AJUSTE DE SENSORES.;Sebastian
1320;Andrea Gómez;3115410217;Motorola;Moto E7;En diagnóstico;SE REEMPLAZÓ LA BATERÍA Y SE REALIZÓ UNA LIMPIEZA INTERNA.;Kevin
1321;María Fernández;3131457475;Samsung;Galaxy S21;Listo para entrega;EL CLIENTE REPORTÓ FALLAS EN EL AUDIO. SE LIMPIARON LAS REJILLAS Y SE REEMPLAZÓ EL ALTAVOZ.;Kevin
1322;David Castro;3148846421;Huawei;Nova 7i;Esperando autorización del cliente;LA CARGA FALLABA, SE IDENTIFICÓ QUE EL FLEX ESTABA ROTO, SE REEMPLAZÓ Y FUNCIONA BIEN.;Sebastian
1323;Camila Torres;3181940495;Apple;iPhone 13;En reparación;EL SOFTWARE ESTABA CORRUPTO, SE REINSTALÓ Y SE VERIFICÓ FUNCIONAMIENTO NORMAL.;Juan
1324;Carlos Pérez;3121998532;Motorola;Moto G100;En reparación;EL CLIENTE REPORTÓ FALLAS EN EL AUDIO. SE LIMPIARON LAS REJILLAS Y SE REEMPLAZÓ EL ALTAVOZ.;Juan
1325;Laura Méndez;3179559543;Motorola;Moto G100;Esperando autorización del cliente;SE DETECTÓ CORTO EN LA PLACA POR HUMEDAD. SE LIMPIÓ Y SE HIZO REBALLING AL COMPONENTE AFECTADO.;Sebastian
1326;Juan Rodríguez;3101208007;Samsung;Galaxy A32;Listo para entrega;SE REEMPLAZÓ EL CHIP DE SEÑAL DEBIDO A PROBLEMAS DE CONECTIVIDAD.;Sebastian
1327;Daniel Vargas;3192282470;Motorola;Moto E7;Esperando autorización del cliente;EL EQUIPO PRESENTABA HUMEDAD EN LA PLACA, SE SECÓ Y SE REEMPLAZÓ EL FLEX DE CARGA.;Sebastian
1328;Camila Torres;3136908920;Apple;iPhone 13;Listo para entrega;SE REEMPLAZÓ LA BATERÍA Y SE REALIZÓ UNA LIMPIEZA INTERNA.;Sebastian
1329;Pedro Jiménez;3163167309;Samsung;Galaxy Note 20;Esperando autorización del cliente;EL EQUIPO PRESENTABA HUMEDAD EN LA PLACA, SE SECÓ Y SE REEMPLAZÓ EL FLEX DE CARGA.;Juan
1330;Juan Rodríguez;3119202029;Motorola;Moto E7;En reparación;SE REALIZÓ UN REEMPLAZO DE MÓDULO DE PANTALLA Y AJUSTE DE SENSORES.;Juan
1331;Camila Torres;3171018337;Apple;iPhone 12;Listo para entrega;SE REALIZÓ UN REEMPLAZO DE MÓDULO DE PANTALLA Y AJUSTE DE SENSORES.;Juan
1332;Sofía Rojas;3135888441;Samsung;Galaxy S21;En reparación;EL BOTÓN DE ENCENDIDO NO FUNCIONABA, SE REEMPLAZÓ EL FLEX Y SE PROBÓ ENCENDIDO EXITOSAMENTE.;Juan
1333;Camila Torres;3183187435;Apple;iPhone 12;En reparación;SE REEMPLAZÓ EL CHIP DE SEÑAL DEBIDO A PROBLEMAS DE CONECTIVIDAD.;Miguel
1334;Daniel Vargas;3114696217;Samsung;Galaxy Note 20;Listo para entrega;SE DETECTÓ CORTO EN LA PLACA POR HUMEDAD. SE LIMPIÓ Y SE HIZO REBALLING AL COMPONENTE AFECTADO.;Juan
1335;Juan Rodríguez;3199049507;Xiaomi;Redmi Note 10;En diagnóstico;SE REALIZÓ MANTENIMIENTO INTERNO Y SE DETECTÓ SULFATO EN EL PIN DE CARGA. SE LIMPIÓ Y SE REEMPLAZÓ EL CONECTOR.;Juan
1336;Laura Méndez;3179379157;Xiaomi;Poco X3;En reparación;EL SOFTWARE ESTABA CORRUPTO, SE REINSTALÓ Y SE VERIFICÓ FUNCIONAMIENTO NORMAL.;Miguel
1337;David Castro;3131777067;Apple;iPhone SE;Listo para entrega;EL PUERTO DE CARGA TENÍA PINES DAÑADOS, SE REALIZÓ CAMBIO Y SE PROBÓ CONEXIÓN.;Miguel
1338;Andrea Gómez;3129338383;Samsung;Galaxy Note 20;En diagnóstico;SE REALIZÓ UN REEMPLAZO DE MÓDULO DE PANTALLA Y AJUSTE DE SENSORES.;Sebastian
1339;Daniel Vargas;3199805873;Huawei;P40 Lite;Listo para entrega;EL CLIENTE REPORTÓ FALLAS EN EL AUDIO. SE LIMPIARON LAS REJILLAS Y SE REEMPLAZÓ EL ALTAVOZ.;Miguel
1340;Pedro Jiménez;3151509944;Samsung;Galaxy A32;Listo para entrega;EL CLIENTE REPORTÓ FALLAS EN EL AUDIO. SE LIMPIARON LAS REJILLAS Y SE REEMPLAZÓ EL ALTAVOZ.;Miguel
1341;Camila Torres;3191702949;Xiaomi;Poco X3;En diagnóstico;SE REALIZÓ UN REEMPLAZO DE MÓDULO DE PANTALLA Y AJUSTE DE SENSORES.;Miguel
1342;María Fernández;3198956735;Xiaomi;Poco X3;Esperando autorización del cliente;LA PANTALLA ESTABA AVERIADA, SE CAMBIÓ POR UNA NUEVA Y SE REALIZÓ PRUEBA DE FUNCIONAMIENTO.;Sebastian
1343;Carlos Pérez;3194143036;Samsung;Galaxy S21;Listo para entrega;SE REALIZÓ UN REEMPLAZO DE MÓDULO DE PANTALLA Y AJUSTE DE SENSORES.;Juan
1344;Carlos Pérez;3162510466;Samsung;Galaxy Note 20;En diagnóstico;SE IDENTIFICÓ QUE LA BATERÍA ESTABA INFLADA, SE REEMPLAZÓ POR UNA NUEVA Y SE REALIZÓ PRUEBA DE CARGA.;Juan
1345;David Castro;3139360887;Apple;iPhone 13;Listo para entrega;EL SOFTWARE ESTABA CORRUPTO, SE REINSTALÓ Y SE VERIFICÓ FUNCIONAMIENTO NORMAL.;Kevin
1346;Laura Méndez;3144883501;Samsung;Galaxy A32;En reparación;LA CARGA FALLABA, SE IDENTIFICÓ QUE EL FLEX ESTABA ROTO, SE REEMPLAZÓ Y FUNCIONA BIEN.;Miguel
1347;Andrea Gómez;3126228227;Xiaomi;Mi 11 Lite;Listo para entrega;SE REEMPLAZÓ EL CHIP DE SEÑAL DEBIDO A PROBLEMAS DE CONECTIVIDAD.;Miguel
1348;Camila Torres;3135875991;Xiaomi;Redmi Note 10;Listo para entrega;SE REEMPLAZÓ LA BATERÍA Y SE REALIZÓ UNA LIMPIEZA INTERNA.;Miguel
1349;Laura Méndez;3106807895;Huawei;Nova 7i;En reparación;SE REALIZÓ MANTENIMIENTO INTERNO Y SE DETECTÓ SULFATO EN EL PIN DE CARGA. SE LIMPIÓ Y SE REEMPLAZÓ EL CONECTOR.;Kevin
1350;Camila Torres;3172391828;Huawei;Nova 7i;Listo para entrega;EL CLIENTE REPORTÓ FALLAS EN EL AUDIO. SE LIMPIARON LAS REJILLAS Y SE REEMPLAZÓ EL ALTAVOZ.;Miguel
1351;David Castro;3144110380;Apple;iPhone 13;En diagnóstico;SE IDENTIFICÓ QUE LA BATERÍA ESTABA INFLADA, SE REEMPLAZÓ POR UNA NUEVA Y SE REALIZÓ PRUEBA DE CARGA.;Kevin
1352;Laura Méndez;3125044184;Apple;iPhone 13;Esperando autorización del cliente;SE REEMPLAZÓ LA BATERÍA Y SE REALIZÓ UNA LIMPIEZA INTERNA.;Juan
1353;Laura Méndez;3197966423;Xiaomi;Redmi Note 10;En diagnóstico;EL BOTÓN DE ENCENDIDO NO FUNCIONABA, SE REEMPLAZÓ EL FLEX Y SE PROBÓ ENCENDIDO EXITOSAMENTE.;Kevin
1354;Andrea Gómez;3102888527;Apple;iPhone 13;Esperando autorización del cliente;EL BOTÓN DE ENCENDIDO NO FUNCIONABA, SE REEMPLAZÓ EL FLEX Y SE PROBÓ ENCENDIDO EXITOSAMENTE.;Miguel
1355;Daniel Vargas;3168973689;Samsung;Galaxy S21;En diagnóstico;EL PUERTO DE CARGA TENÍA PINES DAÑADOS, SE REALIZÓ CAMBIO Y SE PROBÓ CONEXIÓN.;Miguel
1356;Pedro Jiménez;3141553095;Huawei;Nova 7i;Listo para entrega;SE REALIZÓ UN REEMPLAZO DE MÓDULO DE PANTALLA Y AJUSTE DE SENSORES.;Juan
1357;Andrea Gómez;3194169465;Apple;iPhone 12;En diagnóstico;EL EQUIPO SE REINICIABA SOLO, SE DETECTÓ FALLA EN EL SISTEMA OPERATIVO Y SE REINSTALÓ.;Miguel
1358;Daniel Vargas;3168637721;Xiaomi;Poco X3;Listo para entrega;EL SOFTWARE ESTABA CORRUPTO, SE REINSTALÓ Y SE VERIFICÓ FUNCIONAMIENTO NORMAL.;Sebastian
1359;Camila Torres;3105231762;Xiaomi;Poco X3;En diagnóstico;EL EQUIPO PRESENTABA HUMEDAD EN LA PLACA, SE SECÓ Y SE REEMPLAZÓ EL FLEX DE CARGA.;Juan
1360;Sofía Rojas;3128348836;Xiaomi;Redmi Note 10;Esperando autorización del cliente;EL EQUIPO SE REINICIABA SOLO, SE DETECTÓ FALLA EN EL SISTEMA OPERATIVO Y SE REINSTALÓ.;Kevin
1361;Carlos Pérez;3152399934;Xiaomi;Redmi Note 10;Listo para entrega;LA PANTALLA ESTABA AVERIADA, SE CAMBIÓ POR UNA NUEVA Y SE REALIZÓ PRUEBA DE FUNCIONAMIENTO.;Miguel
1362;Andrea Gómez;3199023449;Apple;iPhone 12;En reparación;SE DETECTÓ CORTO EN LA PLACA POR HUMEDAD. SE LIMPIÓ Y SE HIZO REBALLING AL COMPONENTE AFECTADO.;Kevin
1363;Daniel Vargas;3108290250;Samsung;Galaxy S21;En diagnóstico;SE REEMPLAZÓ LA BATERÍA Y SE REALIZÓ UNA LIMPIEZA INTERNA.;Kevin
1364;Carlos Pérez;3106009834;Apple;iPhone 12;Esperando autorización del cliente;SE REALIZÓ MANTENIMIENTO INTERNO Y SE DETECTÓ SULFATO EN EL PIN DE CARGA. SE LIMPIÓ Y SE REEMPLAZÓ EL CONECTOR.;Miguel
1365;María Fernández;3127385788;Xiaomi;Mi 11 Lite;En reparación;SE REALIZÓ UN REEMPLAZO DE MÓDULO DE PANTALLA Y AJUSTE DE SENSORES.;Miguel
1366;Sofía Rojas;3174006615;Apple;iPhone SE;Listo para entrega;SE REALIZÓ CAMBIO DE CÁMARA FRONTAL POR FALLAS EN EL ENFOQUE, SE PRUEBA Y FUNCIONA CORRECTAMENTE.;Juan
1367;Camila Torres;3145658593;Huawei;P40 Lite;En diagnóstico;SE DETECTÓ CORTO EN LA PLACA POR HUMEDAD. SE LIMPIÓ Y SE HIZO REBALLING AL COMPONENTE AFECTADO.;Juan
1368;Pedro Jiménez;3116758206;Apple;iPhone SE;En reparación;EL CLIENTE REPORTÓ FALLAS EN EL AUDIO. SE LIMPIARON LAS REJILLAS Y SE REEMPLAZÓ EL ALTAVOZ.;Juan
1369;Andrea Gómez;3172364048;Samsung;Galaxy A32;En diagnóstico;LA PANTALLA ESTABA AVERIADA, SE CAMBIÓ POR UNA NUEVA Y SE REALIZÓ PRUEBA DE FUNCIONAMIENTO.;Sebastian
1370;Laura Méndez;3125855721;Xiaomi;Poco X3;En diagnóstico;SE REEMPLAZÓ EL CHIP DE SEÑAL DEBIDO A PROBLEMAS DE CONECTIVIDAD.;Miguel
1371;Daniel Vargas;3168041081;Samsung;Galaxy A32;En reparación;SE REALIZÓ MANTENIMIENTO INTERNO Y SE DETECTÓ SULFATO EN EL PIN DE CARGA. SE LIMPIÓ Y SE REEMPLAZÓ EL CONECTOR.;Miguel
1372;María Fernández;3147253896;Xiaomi;Redmi Note 10;Listo para entrega;SE IDENTIFICÓ QUE LA BATERÍA ESTABA INFLADA, SE REEMPLAZÓ POR UNA NUEVA Y SE REALIZÓ PRUEBA DE CARGA.;Miguel
1373;María Fernández;3134346790;Apple;iPhone SE;En diagnóstico;SE REEMPLAZÓ LA BATERÍA Y SE REALIZÓ UNA LIMPIEZA INTERNA.;Juan
1374;Sofía Rojas;3114840988;Samsung;Galaxy S21;Listo para entrega;LA CARGA FALLABA, SE IDENTIFICÓ QUE EL FLEX ESTABA ROTO, SE REEMPLAZÓ Y FUNCIONA BIEN.;Miguel
1375;Carlos Pérez;3199079541;Xiaomi;Poco X3;Esperando autorización del cliente;SE REALIZÓ UN REEMPLAZO DE MÓDULO DE PANTALLA Y AJUSTE DE SENSORES.;Juan
1376;Daniel Vargas;3122556394;Samsung;Galaxy A32;En reparación;SE REALIZÓ UN REEMPLAZO DE MÓDULO DE PANTALLA Y AJUSTE DE SENSORES.;Kevin
1377;Laura Méndez;3173442293;Apple;iPhone SE;En reparación;SE REALIZÓ CAMBIO DE CÁMARA FRONTAL POR FALLAS EN EL ENFOQUE, SE PRUEBA Y FUNCIONA CORRECTAMENTE.;Miguel
1378;Pedro Jiménez;3129642750;Apple;iPhone 12;Listo para entrega;EL EQUIPO PRESENTABA HUMEDAD EN LA PLACA, SE SECÓ Y SE REEMPLAZÓ EL FLEX DE CARGA.;Sebastian
1379;Pedro Jiménez;3148186308;Samsung;Galaxy S21;Listo para entrega;SE REALIZÓ MANTENIMIENTO INTERNO Y SE DETECTÓ SULFATO EN EL PIN DE CARGA. SE LIMPIÓ Y SE REEMPLAZÓ EL CONECTOR.;Kevin
1380;Juan Rodríguez;3123869602;Apple;iPhone 12;Esperando autorización del cliente;SE REALIZÓ MANTENIMIENTO INTERNO Y SE DETECTÓ SULFATO EN EL PIN DE CARGA. SE LIMPIÓ Y SE REEMPLAZÓ EL CONECTOR.;Miguel
1381;Laura Méndez;3182592147;Xiaomi;Mi 11 Lite;En reparación;SE REEMPLAZÓ LA BATERÍA Y SE REALIZÓ UNA LIMPIEZA INTERNA.;Sebastian
1382;Juan Rodríguez;3112654542;Huawei;Nova 7i;En reparación;SE REALIZÓ UN REEMPLAZO DE MÓDULO DE PANTALLA Y AJUSTE DE SENSORES.;Sebastian
1383;Pedro Jiménez;3145252411;Samsung;Galaxy S21;Listo para entrega;LA PANTALLA ESTABA AVERIADA, SE CAMBIÓ POR UNA NUEVA Y SE REALIZÓ PRUEBA DE FUNCIONAMIENTO.;Miguel
1384;Camila Torres;3153255614;Xiaomi;Redmi Note 10;Listo para entrega;SE IDENTIFICÓ QUE LA BATERÍA ESTABA INFLADA, SE REEMPLAZÓ POR UNA NUEVA Y SE REALIZÓ PRUEBA DE CARGA.;Kevin
1385;Sofía Rojas;3151195653;Xiaomi;Redmi Note 10;En reparación;LA PANTALLA ESTABA AVERIADA, SE CAMBIÓ POR UNA NUEVA Y SE REALIZÓ PRUEBA DE FUNCIONAMIENTO.;Miguel
1386;Daniel Vargas;3168518350;Samsung;Galaxy S21;Esperando autorización del cliente;SE DETECTÓ CORTO EN LA PLACA POR HUMEDAD. SE LIMPIÓ Y SE HIZO REBALLING AL COMPONENTE AFECTADO.;Sebastian
1387;Daniel Vargas;3158610993;Samsung;Galaxy S21;Esperando autorización del cliente;SE REALIZÓ CAMBIO DE CÁMARA FRONTAL POR FALLAS EN EL ENFOQUE, SE PRUEBA Y FUNCIONA CORRECTAMENTE.;Kevin
1388;David Castro;3161081417;Apple;iPhone SE;En diagnóstico;SE REEMPLAZÓ LA BATERÍA Y SE REALIZÓ UNA LIMPIEZA INTERNA.;Kevin
1389;Camila Torres;3116532743;Apple;iPhone 12;En reparación;SE REEMPLAZÓ LA BATERÍA Y SE REALIZÓ UNA LIMPIEZA INTERNA.;Sebastian
1390;Carlos Pérez;3183267125;Samsung;Galaxy Note 20;En diagnóstico;LA PANTALLA ESTABA AVERIADA, SE CAMBIÓ POR UNA NUEVA Y SE REALIZÓ PRUEBA DE FUNCIONAMIENTO.;Miguel
1391;Laura Méndez;3191012671;Xiaomi;Redmi Note 10;En reparación;SE REALIZÓ MANTENIMIENTO INTERNO Y SE DETECTÓ SULFATO EN EL PIN DE CARGA. SE LIMPIÓ Y SE REEMPLAZÓ EL CONECTOR.;Sebastian
1392;David Castro;3108591731;Xiaomi;Poco X3;En diagnóstico;SE REEMPLAZÓ LA BATERÍA Y SE REALIZÓ UNA LIMPIEZA INTERNA.;Kevin
1393;Carlos Pérez;3147758040;Apple;iPhone 13;Listo para entrega;SE DETECTÓ CORTO EN LA PLACA POR HUMEDAD. SE LIMPIÓ Y SE HIZO REBALLING AL COMPONENTE AFECTADO.;Juan
1394;Andrea Gómez;3186117756;Motorola;Moto G100;En diagnóstico;SE REEMPLAZÓ EL CHIP DE SEÑAL DEBIDO A PROBLEMAS DE CONECTIVIDAD.;Juan
1395;Carlos Pérez;3174359384;Xiaomi;Mi 11 Lite;Esperando autorización del cliente;SE REALIZÓ UN REEMPLAZO DE MÓDULO DE PANTALLA Y AJUSTE DE SENSORES.;Miguel
1396;David Castro;3172819324;Xiaomi;Poco X3;Listo para entrega;LA CARGA FALLABA, SE IDENTIFICÓ QUE EL FLEX ESTABA ROTO, SE REEMPLAZÓ Y FUNCIONA BIEN.;Juan
1397;Pedro Jiménez;3156190228;Motorola;Moto E7;En reparación;SE REEMPLAZÓ EL CHIP DE SEÑAL DEBIDO A PROBLEMAS DE CONECTIVIDAD.;Sebastian
1398;Laura Méndez;3166926867;Samsung;Galaxy A32;En diagnóstico;SE REALIZÓ MANTENIMIENTO INTERNO Y SE DETECTÓ SULFATO EN EL PIN DE CARGA. SE LIMPIÓ Y SE REEMPLAZÓ EL CONECTOR.;Miguel
1399;Laura Méndez;3154715286;Apple;iPhone SE;Listo para entrega;SE REEMPLAZÓ EL CHIP DE SEÑAL DEBIDO A PROBLEMAS DE CONECTIVIDAD.;Miguel
1400;Laura Méndez;3175723882;Samsung;Galaxy Note 20;En diagnóstico;EL CLIENTE REPORTÓ FALLAS EN EL AUDIO. SE LIMPIARON LAS REJILLAS Y SE REEMPLAZÓ EL ALTAVOZ.;Miguel
1401;María Fernández;3122928656;Huawei;P40 Lite;En diagnóstico;LA CARGA FALLABA, SE IDENTIFICÓ QUE EL FLEX ESTABA ROTO, SE REEMPLAZÓ Y FUNCIONA BIEN.;Juan
1402;Sofía Rojas;3195287201;Motorola;Moto G100;Esperando autorización del cliente;EL SOFTWARE ESTABA CORRUPTO, SE REINSTALÓ Y SE VERIFICÓ FUNCIONAMIENTO NORMAL.;Miguel
1403;Sofía Rojas;3113118914;Samsung;Galaxy S21;Listo para entrega;EL PUERTO DE CARGA TENÍA PINES DAÑADOS, SE REALIZÓ CAMBIO Y SE PROBÓ CONEXIÓN.;Juan
1404;Laura Méndez;3144121571;Huawei;P40 Lite;Listo para entrega;LA CARGA FALLABA, SE IDENTIFICÓ QUE EL FLEX ESTABA ROTO, SE REEMPLAZÓ Y FUNCIONA BIEN.;Kevin
1405;David Castro;3138537532;Xiaomi;Mi 11 Lite;Esperando autorización del cliente;LA PANTALLA ESTABA AVERIADA, SE CAMBIÓ POR UNA NUEVA Y SE REALIZÓ PRUEBA DE FUNCIONAMIENTO.;Juan
1406;Daniel Vargas;3196571747;Huawei;Nova 7i;Listo para entrega;EL SOFTWARE ESTABA CORRUPTO, SE REINSTALÓ Y SE VERIFICÓ FUNCIONAMIENTO NORMAL.;Sebastian
1407;Juan Rodríguez;3129889251;Motorola;Moto G100;En diagnóstico;EL BOTÓN DE ENCENDIDO NO FUNCIONABA, SE REEMPLAZÓ EL FLEX Y SE PROBÓ ENCENDIDO EXITOSAMENTE.;Juan
1408;Laura Méndez;3169731733;Apple;iPhone 13;Listo para entrega;EL EQUIPO SE REINICIABA SOLO, SE DETECTÓ FALLA EN EL SISTEMA OPERATIVO Y SE REINSTALÓ.;Juan
1409;Andrea Gómez;3133862682;Xiaomi;Mi 11 Lite;Esperando autorización del cliente;SE REALIZÓ MANTENIMIENTO INTERNO Y SE DETECTÓ SULFATO EN EL PIN DE CARGA. SE LIMPIÓ Y SE REEMPLAZÓ EL CONECTOR.;Kevin
1410;David Castro;3112718130;Samsung;Galaxy Note 20;Listo para entrega;EL EQUIPO PRESENTABA HUMEDAD EN LA PLACA, SE SECÓ Y SE REEMPLAZÓ EL FLEX DE CARGA.;Miguel
1411;Carlos Pérez;3109261273;Apple;iPhone 13;En diagnóstico;SE REALIZÓ CAMBIO DE CÁMARA FRONTAL POR FALLAS EN EL ENFOQUE, SE PRUEBA Y FUNCIONA CORRECTAMENTE.;Juan
1412;Camila Torres;3185112694;Samsung;Galaxy A32;En reparación;LA PANTALLA ESTABA AVERIADA, SE CAMBIÓ POR UNA NUEVA Y SE REALIZÓ PRUEBA DE FUNCIONAMIENTO.;Miguel
1413;Carlos Pérez;3136035013;Apple;iPhone SE;Listo para entrega;SE IDENTIFICÓ QUE LA BATERÍA ESTABA INFLADA, SE REEMPLAZÓ POR UNA NUEVA Y SE REALIZÓ PRUEBA DE CARGA.;Kevin
1414;Sofía Rojas;3147408300;Apple;iPhone SE;En reparación;SE DETECTÓ CORTO EN LA PLACA POR HUMEDAD. SE LIMPIÓ Y SE HIZO REBALLING AL COMPONENTE AFECTADO.;Sebastian
1415;María Fernández;3108558506;Samsung;Galaxy A32;Esperando autorización del cliente;SE REALIZÓ UN REEMPLAZO DE MÓDULO DE PANTALLA Y AJUSTE DE SENSORES.;Juan
1416;María Fernández;3189954457;Samsung;Galaxy S21;Esperando autorización del cliente;EL CLIENTE REPORTÓ FALLAS EN EL AUDIO. SE LIMPIARON LAS REJILLAS Y SE REEMPLAZÓ EL ALTAVOZ.;Juan
1417;Laura Méndez;3108230288;Huawei;P40 Lite;En diagnóstico;LA PANTALLA ESTABA AVERIADA, SE CAMBIÓ POR UNA NUEVA Y SE REALIZÓ PRUEBA DE FUNCIONAMIENTO.;Juan
1418;Pedro Jiménez;3129012010;Motorola;Moto G100;En diagnóstico;EL EQUIPO SE REINICIABA SOLO, SE DETECTÓ FALLA EN EL SISTEMA OPERATIVO Y SE REINSTALÓ.;Miguel
1419;Pedro Jiménez;3139948926;Xiaomi;Poco X3;En diagnóstico;EL CLIENTE REPORTÓ FALLAS EN EL AUDIO. SE LIMPIARON LAS REJILLAS Y SE REEMPLAZÓ EL ALTAVOZ.;Sebastian
1420;Sofía Rojas;3154425000;Motorola;Moto E7;Esperando autorización del cliente;SE REEMPLAZÓ EL CHIP DE SEÑAL DEBIDO A PROBLEMAS DE CONECTIVIDAD.;Kevin
1421;Camila Torres;3172051551;Huawei;P40 Lite;En reparación;EL SOFTWARE ESTABA CORRUPTO, SE REINSTALÓ Y SE VERIFICÓ FUNCIONAMIENTO NORMAL.;Sebastian
1422;Camila Torres;3176189613;Huawei;P40 Lite;Listo para entrega;EL EQUIPO PRESENTABA HUMEDAD EN LA PLACA, SE SECÓ Y SE REEMPLAZÓ EL FLEX DE CARGA.;Miguel
1423;Camila Torres;3183021539;Samsung;Galaxy Note 20;En reparación;EL EQUIPO PRESENTABA HUMEDAD EN LA PLACA, SE SECÓ Y SE REEMPLAZÓ EL FLEX DE CARGA.;Kevin
1424;Laura Méndez;3187806189;Apple;iPhone SE;En diagnóstico;SE DETECTÓ CORTO EN LA PLACA POR HUMEDAD. SE LIMPIÓ Y SE HIZO REBALLING AL COMPONENTE AFECTADO.;Juan
1425;Carlos Pérez;3188877153;Samsung;Galaxy Note 20;Esperando autorización del cliente;LA CARGA FALLABA, SE IDENTIFICÓ QUE EL FLEX ESTABA ROTO, SE REEMPLAZÓ Y FUNCIONA BIEN.;Miguel
1426;David Castro;3143419345;Apple;iPhone 12;Esperando autorización del cliente;SE REALIZÓ UN REEMPLAZO DE MÓDULO DE PANTALLA Y AJUSTE DE SENSORES.;Kevin
1427;Carlos Pérez;3131501339;Apple;iPhone 13;En reparación;EL EQUIPO PRESENTABA HUMEDAD EN LA PLACA, SE SECÓ Y SE REEMPLAZÓ EL FLEX DE CARGA.;Juan
1428;Laura Méndez;3102571208;Motorola;Moto E7;Esperando autorización del cliente;SE REALIZÓ CAMBIO DE CÁMARA FRONTAL POR FALLAS EN EL ENFOQUE, SE PRUEBA Y FUNCIONA CORRECTAMENTE.;Juan
1429;Sofía Rojas;3197807503;Motorola;Moto E7;En diagnóstico;EL SOFTWARE ESTABA CORRUPTO, SE REINSTALÓ Y SE VERIFICÓ FUNCIONAMIENTO NORMAL.;Kevin
1430;Laura Méndez;3161737619;Huawei;P40 Lite;En diagnóstico;EL BOTÓN DE ENCENDIDO NO FUNCIONABA, SE REEMPLAZÓ EL FLEX Y SE PROBÓ ENCENDIDO EXITOSAMENTE.;Miguel
1431;Carlos Pérez;3148354325;Xiaomi;Redmi Note 10;En diagnóstico;SE IDENTIFICÓ QUE LA BATERÍA ESTABA INFLADA, SE REEMPLAZÓ POR UNA NUEVA Y SE REALIZÓ PRUEBA DE CARGA.;Sebastian
1432;Carlos Pérez;3133832070;Xiaomi;Redmi Note 10;Esperando autorización del cliente;SE DETECTÓ CORTO EN LA PLACA POR HUMEDAD. SE LIMPIÓ Y SE HIZO REBALLING AL COMPONENTE AFECTADO.;Miguel
1433;Juan Rodríguez;3109479312;Xiaomi;Poco X3;En diagnóstico;LA CARGA FALLABA, SE IDENTIFICÓ QUE EL FLEX ESTABA ROTO, SE REEMPLAZÓ Y FUNCIONA BIEN.;Juan
1434;Andrea Gómez;3114697150;Xiaomi;Mi 11 Lite;Esperando autorización del cliente;SE IDENTIFICÓ QUE LA BATERÍA ESTABA INFLADA, SE REEMPLAZÓ POR UNA NUEVA Y SE REALIZÓ PRUEBA DE CARGA.;Miguel
1435;Sofía Rojas;3193275255;Huawei;Nova 7i;Listo para entrega;LA CARGA FALLABA, SE IDENTIFICÓ QUE EL FLEX ESTABA ROTO, SE REEMPLAZÓ Y FUNCIONA BIEN.;Kevin
1436;Laura Méndez;3116681511;Samsung;Galaxy S21;En diagnóstico;EL EQUIPO PRESENTABA HUMEDAD EN LA PLACA, SE SECÓ Y SE REEMPLAZÓ EL FLEX DE CARGA.;Miguel
1437;María Fernández;3173340701;Xiaomi;Redmi Note 10;En diagnóstico;SE IDENTIFICÓ QUE LA BATERÍA ESTABA INFLADA, SE REEMPLAZÓ POR UNA NUEVA Y SE REALIZÓ PRUEBA DE CARGA.;Juan
1438;Camila Torres;3167690030;Apple;iPhone 13;Listo para entrega;SE REEMPLAZÓ EL CHIP DE SEÑAL DEBIDO A PROBLEMAS DE CONECTIVIDAD.;Sebastian
1439;Pedro Jiménez;3116662681;Xiaomi;Poco X3;En diagnóstico;SE REEMPLAZÓ EL CHIP DE SEÑAL DEBIDO A PROBLEMAS DE CONECTIVIDAD.;Juan
1440;Sofía Rojas;3191166124;Apple;iPhone SE;Listo para entrega;SE REALIZÓ UN REEMPLAZO DE MÓDULO DE PANTALLA Y AJUSTE DE SENSORES.;Sebastian
1441;Daniel Vargas;3179375613;Motorola;Moto G100;Listo para entrega;EL PUERTO DE CARGA TENÍA PINES DAÑADOS, SE REALIZÓ CAMBIO Y SE PROBÓ CONEXIÓN.;Juan
1442;Carlos Pérez;3173082125;Huawei;P40 Lite;Esperando autorización del cliente;EL SOFTWARE ESTABA CORRUPTO, SE REINSTALÓ Y SE VERIFICÓ FUNCIONAMIENTO NORMAL.;Kevin
1443;María Fernández;3126099635;Samsung;Galaxy A32;Listo para entrega;EL BOTÓN DE ENCENDIDO NO FUNCIONABA, SE REEMPLAZÓ EL FLEX Y SE PROBÓ ENCENDIDO EXITOSAMENTE.;Miguel
1444;Sofía Rojas;3111805397;Apple;iPhone 12;Listo para entrega;SE REALIZÓ UN REEMPLAZO DE MÓDULO DE PANTALLA Y AJUSTE DE SENSORES.;Sebastian
1445;Juan Rodríguez;3152398736;Huawei;P40 Lite;En reparación;EL SOFTWARE ESTABA CORRUPTO, SE REINSTALÓ Y SE VERIFICÓ FUNCIONAMIENTO NORMAL.;Kevin
1446;María Fernández;3173390255;Huawei;Nova 7i;Esperando autorización del cliente;SE REALIZÓ MANTENIMIENTO INTERNO Y SE DETECTÓ SULFATO EN EL PIN DE CARGA. SE LIMPIÓ Y SE REEMPLAZÓ EL CONECTOR.;Juan
1447;María Fernández;3167575097;Apple;iPhone SE;En reparación;LA CARGA FALLABA, SE IDENTIFICÓ QUE EL FLEX ESTABA ROTO, SE REEMPLAZÓ Y FUNCIONA BIEN.;Sebastian
1448;Andrea Gómez;3162026798;Motorola;Moto G100;En reparación;EL BOTÓN DE ENCENDIDO NO FUNCIONABA, SE REEMPLAZÓ EL FLEX Y SE PROBÓ ENCENDIDO EXITOSAMENTE.;Sebastian
1449;David Castro;3181293201;Huawei;Nova 7i;En reparación;EL CLIENTE REPORTÓ FALLAS EN EL AUDIO. SE LIMPIARON LAS REJILLAS Y SE REEMPLAZÓ EL ALTAVOZ.;Kevin
1450;Carlos Pérez;3191909337;Xiaomi;Poco X3;Listo para entrega;EL EQUIPO PRESENTABA HUMEDAD EN LA PLACA, SE SECÓ Y SE REEMPLAZÓ EL FLEX DE CARGA.;Juan
1451;Laura Méndez;3183099047;Motorola;Moto E7;Listo para entrega;SE IDENTIFICÓ QUE LA BATERÍA ESTABA INFLADA, SE REEMPLAZÓ POR UNA NUEVA Y SE REALIZÓ PRUEBA DE CARGA.;Miguel
1452;Andrea Gómez;3195154812;Xiaomi;Poco X3;Esperando autorización del cliente;SE REEMPLAZÓ EL CHIP DE SEÑAL DEBIDO A PROBLEMAS DE CONECTIVIDAD.;Sebastian
1453;Laura Méndez;3132626390;Apple;iPhone SE;Listo para entrega;EL EQUIPO SE REINICIABA SOLO, SE DETECTÓ FALLA EN EL SISTEMA OPERATIVO Y SE REINSTALÓ.;Miguel
1454;Camila Torres;3151673086;Huawei;P40 Lite;En diagnóstico;SE DETECTÓ CORTO EN LA PLACA POR HUMEDAD. SE LIMPIÓ Y SE HIZO REBALLING AL COMPONENTE AFECTADO.;Kevin
1455;Sofía Rojas;3105046500;Apple;iPhone 13;En reparación;EL EQUIPO SE REINICIABA SOLO, SE DETECTÓ FALLA EN EL SISTEMA OPERATIVO Y SE REINSTALÓ.;Kevin
1456;David Castro;3109995277;Samsung;Galaxy Note 20;En diagnóstico;EL PUERTO DE CARGA TENÍA PINES DAÑADOS, SE REALIZÓ CAMBIO Y SE PROBÓ CONEXIÓN.;Juan
1457;David Castro;3194133427;Xiaomi;Mi 11 Lite;En diagnóstico;SE REALIZÓ CAMBIO DE CÁMARA FRONTAL POR FALLAS EN EL ENFOQUE, SE PRUEBA Y FUNCIONA CORRECTAMENTE.;Kevin
1458;María Fernández;3178297696;Huawei;Nova 7i;Listo para entrega;EL BOTÓN DE ENCENDIDO NO FUNCIONABA, SE REEMPLAZÓ EL FLEX Y SE PROBÓ ENCENDIDO EXITOSAMENTE.;Miguel
1459;Daniel Vargas;3193538568;Huawei;Nova 7i;Listo para entrega;SE DETECTÓ CORTO EN LA PLACA POR HUMEDAD. SE LIMPIÓ Y SE HIZO REBALLING AL COMPONENTE AFECTADO.;Kevin
1460;Laura Méndez;3131728226;Motorola;Moto G100;En diagnóstico;LA CARGA FALLABA, SE IDENTIFICÓ QUE EL FLEX ESTABA ROTO, SE REEMPLAZÓ Y FUNCIONA BIEN.;Juan
1461;Carlos Pérez;3192284577;Xiaomi;Redmi Note 10;En reparación;LA PANTALLA ESTABA AVERIADA, SE CAMBIÓ POR UNA NUEVA Y SE REALIZÓ PRUEBA DE FUNCIONAMIENTO.;Kevin
1462;Juan Rodríguez;3131100529;Samsung;Galaxy S21;En diagnóstico;EL CLIENTE REPORTÓ FALLAS EN EL AUDIO. SE LIMPIARON LAS REJILLAS Y SE REEMPLAZÓ EL ALTAVOZ.;Juan
1463;Daniel Vargas;3138038020;Xiaomi;Redmi Note 10;Listo para entrega;SE REALIZÓ UN REEMPLAZO DE MÓDULO DE PANTALLA Y AJUSTE DE SENSORES.;Miguel
1464;María Fernández;3122267178;Xiaomi;Redmi Note 10;En reparación;EL EQUIPO SE REINICIABA SOLO, SE DETECTÓ FALLA EN EL SISTEMA OPERATIVO Y SE REINSTALÓ.;Juan
1465;Carlos Pérez;3181633433;Motorola;Moto E7;En diagnóstico;LA PANTALLA ESTABA AVERIADA, SE CAMBIÓ POR UNA NUEVA Y SE REALIZÓ PRUEBA DE FUNCIONAMIENTO.;Sebastian
1466;Juan Rodríguez;3106800243;Huawei;Nova 7i;Esperando autorización del cliente;SE REEMPLAZÓ EL CHIP DE SEÑAL DEBIDO A PROBLEMAS DE CONECTIVIDAD.;Sebastian
1467;Sofía Rojas;3153154610;Apple;iPhone 13;En diagnóstico;EL BOTÓN DE ENCENDIDO NO FUNCIONABA, SE REEMPLAZÓ EL FLEX Y SE PROBÓ ENCENDIDO EXITOSAMENTE.;Kevin
1468;Laura Méndez;3168642031;Motorola;Moto E7;Esperando autorización del cliente;LA CARGA FALLABA, SE IDENTIFICÓ QUE EL FLEX ESTABA ROTO, SE REEMPLAZÓ Y FUNCIONA BIEN.;Kevin
1469;Juan Rodríguez;3151879259;Huawei;Nova 7i;En diagnóstico;LA CARGA FALLABA, SE IDENTIFICÓ QUE EL FLEX ESTABA ROTO, SE REEMPLAZÓ Y FUNCIONA BIEN.;Sebastian
1470;Sofía Rojas;3119759763;Xiaomi;Mi 11 Lite;En diagnóstico;EL EQUIPO SE REINICIABA SOLO, SE DETECTÓ FALLA EN EL SISTEMA OPERATIVO Y SE REINSTALÓ.;Sebastian
1471;Laura Méndez;3141703076;Huawei;Nova 7i;En reparación;LA PANTALLA ESTABA AVERIADA, SE CAMBIÓ POR UNA NUEVA Y SE REALIZÓ PRUEBA DE FUNCIONAMIENTO.;Miguel
1472;María Fernández;3111508684;Apple;iPhone SE;Esperando autorización del cliente;SE REEMPLAZÓ EL CHIP DE SEÑAL DEBIDO A PROBLEMAS DE CONECTIVIDAD.;Sebastian
1473;María Fernández;3192607675;Motorola;Moto G100;En reparación;EL EQUIPO PRESENTABA HUMEDAD EN LA PLACA, SE SECÓ Y SE REEMPLAZÓ EL FLEX DE CARGA.;Sebastian
1474;Laura Méndez;3173651035;Apple;iPhone 13;En reparación;SE REALIZÓ MANTENIMIENTO INTERNO Y SE DETECTÓ SULFATO EN EL PIN DE CARGA. SE LIMPIÓ Y SE REEMPLAZÓ EL CONECTOR.;Kevin
1475;Carlos Pérez;3189538593;Apple;iPhone 12;Esperando autorización del cliente;SE IDENTIFICÓ QUE LA BATERÍA ESTABA INFLADA, SE REEMPLAZÓ POR UNA NUEVA Y SE REALIZÓ PRUEBA DE CARGA.;Juan
1476;Juan Rodríguez;3162342953;Samsung;Galaxy S21;En diagnóstico;SE REEMPLAZÓ LA BATERÍA Y SE REALIZÓ UNA LIMPIEZA INTERNA.;Miguel
1477;Pedro Jiménez;3117376687;Apple;iPhone SE;En diagnóstico;SE REALIZÓ MANTENIMIENTO INTERNO Y SE DETECTÓ SULFATO EN EL PIN DE CARGA. SE LIMPIÓ Y SE REEMPLAZÓ EL CONECTOR.;Kevin
1478;Camila Torres;3183278725;Xiaomi;Redmi Note 10;Esperando autorización del cliente;SE DETECTÓ CORTO EN LA PLACA POR HUMEDAD. SE LIMPIÓ Y SE HIZO REBALLING AL COMPONENTE AFECTADO.;Kevin
1479;Laura Méndez;3195064808;Samsung;Galaxy A32;En diagnóstico;SE DETECTÓ CORTO EN LA PLACA POR HUMEDAD. SE LIMPIÓ Y SE HIZO REBALLING AL COMPONENTE AFECTADO.;Miguel
1480;Pedro Jiménez;3159917258;Samsung;Galaxy A32;Esperando autorización del cliente;EL BOTÓN DE ENCENDIDO NO FUNCIONABA, SE REEMPLAZÓ EL FLEX Y SE PROBÓ ENCENDIDO EXITOSAMENTE.;Kevin
1481;Andrea Gómez;3169112869;Xiaomi;Mi 11 Lite;En reparación;LA CARGA FALLABA, SE IDENTIFICÓ QUE EL FLEX ESTABA ROTO, SE REEMPLAZÓ Y FUNCIONA BIEN.;Sebastian
1482;María Fernández;3172923485;Apple;iPhone SE;En reparación;SE DETECTÓ CORTO EN LA PLACA POR HUMEDAD. SE LIMPIÓ Y SE HIZO REBALLING AL COMPONENTE AFECTADO.;Sebastian
1483;María Fernández;3143275318;Samsung;Galaxy A32;En diagnóstico;SE DETECTÓ CORTO EN LA PLACA POR HUMEDAD. SE LIMPIÓ Y SE HIZO REBALLING AL COMPONENTE AFECTADO.;Sebastian
1484;Laura Méndez;3146912295;Samsung;Galaxy A32;Listo para entrega;LA PANTALLA ESTABA AVERIADA, SE CAMBIÓ POR UNA NUEVA Y SE REALIZÓ PRUEBA DE FUNCIONAMIENTO.;Miguel
1485;Andrea Gómez;3134142451;Huawei;P40 Lite;Listo para entrega;EL EQUIPO PRESENTABA HUMEDAD EN LA PLACA, SE SECÓ Y SE REEMPLAZÓ EL FLEX DE CARGA.;Juan
1486;Andrea Gómez;3183707077;Samsung;Galaxy A32;En diagnóstico;SE REEMPLAZÓ EL CHIP DE SEÑAL DEBIDO A PROBLEMAS DE CONECTIVIDAD.;Kevin
1487;Andrea Gómez;3116655676;Samsung;Galaxy S21;Esperando autorización del cliente;SE REALIZÓ UN REEMPLAZO DE MÓDULO DE PANTALLA Y AJUSTE DE SENSORES.;Kevin
1488;Andrea Gómez;3188238001;Huawei;Nova 7i;En diagnóstico;EL EQUIPO SE REINICIABA SOLO, SE DETECTÓ FALLA EN EL SISTEMA OPERATIVO Y SE REINSTALÓ.;Juan
1489;Carlos Pérez;3128357426;Xiaomi;Mi 11 Lite;En diagnóstico;SE REALIZÓ CAMBIO DE CÁMARA FRONTAL POR FALLAS EN EL ENFOQUE, SE PRUEBA Y FUNCIONA CORRECTAMENTE.;Juan
1490;Daniel Vargas;3166974847;Samsung;Galaxy A32;Esperando autorización del cliente;SE REEMPLAZÓ EL CHIP DE SEÑAL DEBIDO A PROBLEMAS DE CONECTIVIDAD.;Miguel
1491;Pedro Jiménez;3119812608;Xiaomi;Redmi Note 10;Esperando autorización del cliente;EL PUERTO DE CARGA TENÍA PINES DAÑADOS, SE REALIZÓ CAMBIO Y SE PROBÓ CONEXIÓN.;Miguel
1492;María Fernández;3116449152;Samsung;Galaxy A32;Listo para entrega;LA PANTALLA ESTABA AVERIADA, SE CAMBIÓ POR UNA NUEVA Y SE REALIZÓ PRUEBA DE FUNCIONAMIENTO.;Miguel
1493;Juan Rodríguez;3164777795;Motorola;Moto G100;Listo para entrega;EL EQUIPO SE REINICIABA SOLO, SE DETECTÓ FALLA EN EL SISTEMA OPERATIVO Y SE REINSTALÓ.;Miguel
1494;Carlos Pérez;3148833750;Apple;iPhone 12;Listo para entrega;SE REALIZÓ UN REEMPLAZO DE MÓDULO DE PANTALLA Y AJUSTE DE SENSORES.;Juan
1495;Pedro Jiménez;3179260176;Apple;iPhone SE;En reparación;EL PUERTO DE CARGA TENÍA PINES DAÑADOS, SE REALIZÓ CAMBIO Y SE PROBÓ CONEXIÓN.;Miguel
1496;María Fernández;3123526681;Apple;iPhone 12;Esperando autorización del cliente;SE REALIZÓ MANTENIMIENTO INTERNO Y SE DETECTÓ SULFATO EN EL PIN DE CARGA. SE LIMPIÓ Y SE REEMPLAZÓ EL CONECTOR.;Miguel
1497;Laura Méndez;3113583526;Huawei;Nova 7i;En diagnóstico;SE REEMPLAZÓ LA BATERÍA Y SE REALIZÓ UNA LIMPIEZA INTERNA.;Kevin
1498;Daniel Vargas;3196861437;Xiaomi;Mi 11 Lite;En reparación;SE REALIZÓ MANTENIMIENTO INTERNO Y SE DETECTÓ SULFATO EN EL PIN DE CARGA. SE LIMPIÓ Y SE REEMPLAZÓ EL CONECTOR.;Sebastian
1499;Andrea Gómez;3106577087;Huawei;P40 Lite;En diagnóstico;SE REALIZÓ UN REEMPLAZO DE MÓDULO DE PANTALLA Y AJUSTE DE SENSORES.;Sebastian
1500;Juan David;3163503920;Apple;iPhone 15 Pro Max;Listo para entrega;Funciona?;Juan
